doe_id,FEDFUNDS_shock,USGOVT_shock,BOGMBASE_shock,NONBORRES_shock,BAAFFM_T_delta_mean,CPI_YOY_delta_mean,UNRATE_L_delta_mean,BAAFFM_T_mean,CPI_YOY_mean,UNRATE_L_mean
0,0.1551473718136549,754.4831335544586,0.030641276668757197,-312.5803207978606,0.10496825454279879,0.3314710494956139,-0.13312322034527835,4.340799187769096,2.5054533857074874,6.823105099766914
1,0.8051866684108973,-755.2011385560036,-0.032115052081644536,7.1322377771139145,-1.0652413895030675,-0.10919497084124963,-0.05583729884254396,3.1705895437232297,2.064787365370624,6.900391021269648
2,2.1623398987576365,503.81182730197906,0.013038351293653244,-154.32998118922114,-0.9452005001973798,0.38092556911730036,-0.1101361479034777,3.2906304330289173,2.554907905329174,6.8460921722087145
3,-0.9664241531863809,-499.5492026209831,-0.023887889645993712,198.8805695436895,-0.3668564071871083,-0.2983422176527166,0.004381225735265559,3.868974526039189,1.875640118559157,6.960609545847458
4,-1.9060200108215213,287.07774952054024,-0.048120856005698445,284.20803071931005,0.2746260862626144,-0.35223131072506697,-0.16260218553223016,4.5104570194889115,1.8217510254868066,6.793626134579962
5,2.4769306713715196,-285.17977371811867,0.04041672628372908,-63.52390507236123,-0.9775053089298558,0.6110047680474597,0.02163147967860457,3.2583256242964413,2.7849871042593333,6.977859799790797
6,1.7405958771705627,1156.3525892794132,-0.007863965723663567,125.27021709829569,-1.0557858717093724,-0.10817743542249048,-0.15583365997570464,3.1800450615169247,2.065804900789383,6.8003946601364875
7,-0.15525678917765617,-1159.4352073967457,0.0032810213044285746,-254.58743311464787,0.1341107768287202,0.2561302822809326,0.049199645681671456,4.369941710055017,2.430112618492806,7.005427965793864
8,-0.7183001264929771,431.29762932658195,-0.00497289691120386,-2.875009085983038,-0.0046346210104193375,-0.29908647932658616,-0.2670209553056857,4.231196312215878,1.8748958568852874,6.6892073648065065
9,1.1329849921166897,-440.2268908917904,0.006635970901697874,311.10185412690043,-0.9613544405334049,0.45818858300712684,0.04000811216712563,3.274476492692892,2.6321709192190004,6.996236432279318
10,2.8989923717454076,710.3869043290615,-0.03893247153609991,-205.56225422769785,-1.0734210985763304,0.1379954848658569,-0.17241554892457156,3.1624098346499667,2.3119778210777304,6.783812771187621
11,-1.4699273398146033,-704.9608580768108,0.049971308466047054,163.7877680361271,0.6530108297891548,0.4645131400591054,0.0577035385784157,4.888841763015452,2.638495476270979,7.013931858690608
12,-1.1595944063737988,908.3503916859627,0.022647687606513506,56.544566713273525,0.6005489007042559,-0.10613320585032904,-0.19560738025770963,4.836379833930553,2.0678491303615445,6.7606209398544825
13,1.9636645233258605,-900.6008952856064,-0.014742433745414021,-274.5353691279888,-1.0091123866042837,0.48007098242231905,0.02860916878329789,3.2267185466220134,2.6540533186341926,6.98483748889549
14,0.8183128591626883,48.15758317708969,0.03395329732447863,258.5441709496081,-0.5810481789809461,0.4975248474275027,0.04541714580194789,3.654782754245351,2.6715071836393762,7.00164546591414
15,0.22136695869266987,-54.76343035697937,-0.029169228766113522,-126.53631241992116,-0.8349153204962012,-0.10377823758438165,-0.05210687712568074,3.400915612730096,2.070204098627492,6.904121442986511
16,0.42044803220778704,133.84961485862732,0.011804148089140654,106.96287974715233,-0.6660255860234607,0.3486744016425467,-0.13443731439425832,3.5698053472028364,2.5226567378544202,6.821791005717934
17,1.009843216277659,-137.78934627771378,-0.0009522313252091422,-240.16836378723383,-0.9845015265471475,0.5170372167514188,0.04226829748660421,3.2513294066791496,2.6910195529632923,6.998496617598796
18,1.7626762315630913,1007.8851968050003,0.04419893091544509,298.71254144236445,-0.9471477414279774,0.46321516132349405,-0.12870374370978954,3.2886831917983197,2.6371974975353676,6.827524576402403
19,-1.3492172844707966,-1007.4305221438408,-0.042727354727685456,-81.9166942499578,-0.5472281203122948,-0.22413743405466002,-0.03430096267856708,3.6886028129140023,1.9498449021572135,6.921927357433625
20,-1.6590107772499323,605.9951551258564,-0.016977868694812062,-138.75735523179173,-0.07742621910486136,-0.19087803300101824,-0.29246519737629395,4.158404714121436,1.9831043032108553,6.663763122735898
21,2.697475405409932,-603.2170571386814,0.021559758298099044,181.72679403796792,-0.9701112726390941,0.5697736759137744,0.030514969744348974,3.265719660587203,2.743756012125648,6.986743289856541
22,1.3250440610572696,350.56310668587685,-0.0267202184535563,-329.819542914629,-0.9953065877731335,0.4901712564516325,-0.1969892263537032,3.2405243454531636,2.664153592663506,6.759239093758489
23,-0.5197584563866258,-352.17937901616096,0.03442481923848391,22.79032077640295,0.10716012623833038,0.5239329353925282,0.04113373730090775,4.3429910594646275,2.6979152716044017,6.9973620574131
24,-0.3564930083230138,1052.2652439773083,-0.03632497731596232,230.41017344221473,-0.6915355662478775,-0.3462428434581537,-0.16253787429725008,3.5442953669784196,1.8277394927537198,6.793690445814942
25,1.5511828353628516,-1057.3869846761227,0.025283941160887488,-99.89800481125712,-0.974755992305226,0.6178849239949389,0.021977845296279774,3.261074940921071,2.7918672602068124,6.978206165408472
26,2.676412297412753,206.0616932809353,-0.02028226014226675,83.09741728007793,-1.0752664607515885,-0.13683371368700348,-0.2774054336485179,3.1605644724747086,2.03714862252487,6.678822886463674
27,-1.7148520406335592,-197.41377755999565,0.018621564563363793,-302.5839200243354,0.961508353001415,0.2606611655505695,0.15900452266661702,5.197339286227712,2.434643501762443,7.115232842778809
28,-0.7745749205350876,589.1811445355415,0.041303284280002114,-180.16296811401844,0.3176566831229808,0.44758321907281395,-0.06688102198854295,4.553487616349278,2.6215655552846875,6.889347298123649
29,2.3611294962465763,-582.8978508710861,-0.04608688177540898,134.41475424915552,-1.1133572486829455,-0.12087569186201241,-0.039234988881403865,3.1224736845433516,2.053106644349861,6.916993331230788
30,0.6164656179025769,854.2811617255211,0.0026081340387463584,-32.1625710465014,-0.982102085883461,-0.07945592979469573,-0.2714299062621768,3.253728847342836,2.094526406417178,6.684798413850015
31,-0.046770147047936916,-861.7675602436066,-0.010514442715793847,336.41569884493947,-0.4002393235406574,-0.011055537207765642,0.0027727249837559143,3.8355916096856397,2.162926799004108,6.959001045095948
32,-0.08946709148585796,487.25745007395744,-0.03997046714648605,37.41124393418431,-0.8238001087250235,-0.3413260769390949,-0.26858344075619556,3.4120308245012736,1.8326562592727786,6.687644879355997
33,0.5029309745877981,-478.6030076444149,0.047688204422593125,-342.88201788440347,-0.3640266398764438,0.6701945217256098,0.08361864260024365,3.8718042933498533,2.8441768579374833,7.039846962712436
34,2.269624105654657,808.5343681275845,-0.003617542516440156,195.6676060333848,-1.0345848922308378,-0.10440247690286864,-0.15426943105231938,3.2012460409954593,2.069579859309005,6.801958889059873
35,-0.8393380539491773,-813.6493317782879,0.008211042732000351,-151.137051358819,0.2170645869023602,0.156111519230417,0.04231720813996542,4.452895520128657,2.3300938554422905,6.998545528252158
36,-1.7795394947752357,1172.906394302845,0.032449920568615204,-65.77969547361135,0.6098074394093338,0.24117010459521993,-0.1884537023957895,4.845638372635631,2.4151524408070935,6.767774617716403
37,2.584829998202622,-1180.380830168724,-0.030990003421902657,286.4838417619467,-1.0750894366106563,-0.11383618824228048,-0.03885809152141828,3.160741496615641,2.060146147969593,6.917370228590774
38,1.4377250634133816,233.02594274282455,0.023443032521754503,-224.71018014475703,-0.9156740950697135,0.4766367932287445,-0.14282964742565607,3.3201568381565836,2.650619129440618,6.813398672686536
39,-0.39926566928625107,-226.7310082912445,-0.01260430067777634,95.41566809639335,-0.6992532774385585,-0.008170106479755024,0.0008889114180012925,3.5365776557877386,2.1658122297321185,6.9571172315301935
40,-0.47464052960276604,726.6460239887238,0.014296073094010348,347.1274023875594,0.20542220443144288,-0.15874336749301898,-0.12006893641979932,4.44125313765774,2.0152389687188546,6.836159383692393
41,1.4361955523490906,-726.2023106217384,-0.02221513753756881,-38.88052627444267,-1.0879688136239412,-0.11344996154031062,-0.05519427112423969,3.147862119602356,2.060532374671563,6.9010340489879525
42,2.791439943946898,377.53707468509674,0.02950564846396446,144.44618234410882,-0.9709391382001593,0.43912151422362333,-0.1341127671633764,3.264891795026138,2.613103850435497,6.822115552948816
43,-1.5967452181503177,-381.48801773786545,-0.03430047584697604,-186.19797499850392,-0.5118363322944068,-0.0943282265594112,0.03476571887947433,3.7239946009318903,2.0796541096524623,6.9909940389916665
44,-1.2870274046435952,31.899035722017288,-0.0069709409028291675,-293.47503473982215,0.8452616127326049,0.2449729614791929,0.3628894201313946,5.081092545958902,2.4189552976910664,7.319117740243587
45,1.8567176787182689,-33.52255001664162,0.005321522150188683,75.46153096482158,-0.9933530530808183,0.4314035844905244,0.03381364511523799,3.2424778801454788,2.605385920702398,6.99004196522743
46,1.1209178362041712,962.1115185320377,-0.04952655285596848,-91.46810416132212,-1.1010271247043675,-0.1292081226027788,-0.2776634668387592,3.1348038085219296,2.0447742136090947,6.678564853273433
47,0.465641675516963,-959.3403406441212,0.03849831940606237,223.45593944191933,-0.631994503495716,0.5533751976603645,0.04918401544956552,3.603836429730581,2.727357533872238,7.005412335561758
48,0.27379018906503916,1029.124789685011,-0.021127211209386588,-243.01816942170262,-0.8099457678516342,-0.03027021903476168,-0.17665730802911295,3.425885165374663,2.143712117177112,6.779571012083079
49,0.9221212165430188,-1023.69150146842,0.01653151102364063,109.83537891879678,-0.9650760048785285,0.4670866800962381,0.04844039840125092,3.2707549283477686,2.6410690163081116,7.004668718513443
50,2.0454412437975407,75.10859593749046,-0.034771994780749084,-51.274532824754715,-1.084114978976578,-0.1083636010146174,-0.04759128186777506,3.151715954249719,2.065618735197256,6.908637038244417
51,-1.08510260283947,-84.03093740344048,0.027056635171175,268.0904110893607,0.6122196299048657,0.4468661831687206,0.05486792614177105,4.848050563131163,2.620848519380594,7.011096246253963
52,-1.3955112155526876,329.3240860104561,0.0013008535839617238,211.24088391661644,0.5945664294762594,-0.1287954643650524,-0.14532243960521196,4.8303973627025565,2.045186871846821,6.81090588050698
53,2.9808460008352995,-335.91897189617157,-0.012139115110039712,-168.29146835952997,-1.070620942034696,0.48806524835220344,0.0208301716797914,3.165209991191601,2.662047584564077,6.977058491791984
54,1.2367164781317115,664.7367462515831,0.04229320557788015,20.171369891613722,-0.9715652908340444,0.4571596850332016,-0.19919980665958814,3.2642656423922527,2.631142021245075,6.757028513452604
55,-0.6658011795952916,-656.9760382175446,-0.04375417828559876,-327.22329339012504,-0.5708869291274943,-0.09044953105944264,0.03141996751378695,3.664944004098803,2.083532805152431,6.987648287625979
56,-0.21017968002706766,185.1127803325653,0.045654233172535905,-119.60275359451771,-0.02011640224477862,0.38353901404748036,-0.22653054982384901,4.2157145309815185,2.557521350259354,6.729697770288343
57,1.6392493499442935,-180.8621183037758,-0.04085702812299133,250.09488854557276,-1.0753734724212913,-0.12045832546225821,-0.038519958068639504,3.160457460805006,2.0535240107496153,6.917708362043553
58,2.3927687127143145,1110.7110053300858,0.010861516743898389,-266.9215322472155,-0.8809617468934792,0.3767067697305997,-0.16459614860774252,3.354869186332818,2.5506891059424732,6.79163217150445
59,-1.9780881498008966,-1111.4406511187553,-0.002944652270525691,47.41233857348561,0.4079775619822641,-0.06086212431331095,0.004677322522816496,4.643808495208561,2.1131202118985626,6.960905642635009
60,-1.038416612893343,875.2295024693012,-0.0256326649338007,169.84612038359046,-0.3415657640646179,-0.3467689125896931,-0.14757101729856803,3.894265169161679,1.8272134236221804,6.808657302813624
61,2.0781010314822197,-878.3186472952366,0.03665984282270074,-215.5716302804649,-0.9251650537713099,0.6721368460643524,0.06047618211229189,3.3106658794549872,2.846119182276226,7.016704502224484
62,0.7039170125499368,530.7348109781742,-0.018187516927719118,317.8391885012388,-0.8843301118128304,-0.1392766058055166,-0.16990687013668104,3.3515008214134667,2.034705730406357,6.786321449975511
63,0.10014876443892717,-528.8436122238636,0.019837405998259783,-13.566040061414242,-0.08845625784497901,0.2662702107691417,0.04467295045947939,4.147374675381318,2.4402525469810152,7.0009012705716716
64,0.04362322576344013,252.7434803545475,-0.015046382136642937,242.81452149152756,-0.6903604062744835,-0.33422812914392686,-0.16348498789101473,3.5454705269518136,1.8397542070679467,6.792743332221177
65,0.6823412533849478,-243.8222475349903,0.022954121511429545,-109.45950914174318,-0.8450390338699143,0.603466821760605,0.015013721669216551,3.390791899356383,2.7774491579724785,6.971242041781409
66,2.1388893639668822,1192.477286607027,-0.028743061237037182,51.74503875896335,-1.0767358859511473,-0.12419896734801661,-0.2765318213418153,3.15909504727515,2.049783368863857,6.679696498770377
67,-1.0211039083078504,-1197.9116834700108,0.03352503767237068,-268.3913446031511,1.0076289832634568,0.47888004639784,0.06764282679521827,5.243459916489754,2.6528623826097135,7.02387114690741
68,-1.9565077712759376,788.1176143884659,0.007723467610776427,-211.70088993385434,1.1330306191737574,0.0874796253148804,-0.06267266955256812,5.3688615524000545,2.261461961526754,6.893555650559624
69,2.4492988707497716,-795.8748623728752,-0.006058289576321839,168.58192021027207,-1.0598017775711033,0.10323176164721692,-0.033103196749120656,3.176029155655194,2.2772140978590905,6.9231251233630715
70,1.621931727975607,467.2802746295929,0.048761604167521,-19.957201182842255,-0.9773911234600408,0.4750468512053643,-0.19814230213352868,3.2584398097662564,2.649029187417238,6.7580860179786635
71,-0.27097292989492416,-460.6819286942482,-0.037725240830332046,326.83687936514616,-0.7364064324592681,-0.15929868733332286,-0.029308641650724887,3.499424500767029,2.0146836488785507,6.926919678461467
72,-0.6051463894546032,942.7258595824242,0.03918278543278575,119.13216030225158,0.1460294199815726,0.3158184857814663,-0.12384293700447468,4.38186035320787,2.48980082199334,6.8323853831077175
73,1.25420081615448,-941.9996201992035,-0.046889007277786734,-249.7938702814281,-1.0558716155028747,-0.06445658420786415,0.0163779664459911,3.1799593177234224,2.1095257520040094,6.972606286558183
74,2.9244539672508836,12.07408457994461,0.00444196453318,267.12525971233845,-0.9205693635400647,0.4813588579287784,0.030786039019809586,3.3152615696862324,2.655341194140652,6.987014359132002
75,-1.4172586454078555,-16.328153014183044,-0.009022423438727854,-47.78829049319029,0.43668601897313586,-0.06598096972593792,0.00970573475639025,4.672516952199433,2.1080013664859356,6.965934054868582
76,-1.1025918582454324,397.70434722304344,-0.03166464762762189,-170.06037645041943,-0.4052027513574261,2.1208194906030542e-05,-0.11259323016455713,3.830628181868871,2.1740035444067796,6.843635089947635
77,1.9847815362736583,-399.5943658053875,0.03018839862197638,215.95812905579805,-0.9721395712979404,0.6137345718391662,0.0404084098233044,3.2636913619283567,2.7877169080510398,6.996636729935497
78,0.9438732657581568,746.9596557319164,-0.024265284184366465,-317.37910294905305,-0.9893334233127264,0.4069196822764942,-0.19795816431573865,3.2464975099135707,2.5809020184883678,6.7582701557964535
79,0.33018684200942516,-743.8693307340145,0.01341784987598657,13.275506068021059,-0.0346221295652116,0.36880245974753034,0.03683202293918253,4.2012088036610855,2.542784795959404,6.993060343051375
80,0.44328165892511606,644.8613025248051,-0.046390022523701196,-36.94073539227247,-0.8683238101387132,-0.14406821249147939,-0.27535730811247117,3.367507123087584,2.029914123720394,6.680871011999721
81,1.0651291506364942,-639.7497363388538,0.041610436420887714,342.5810817629099,-0.9417079191142936,0.6091060550271896,0.04552318132913502,3.2941230141120035,2.783088391239063,7.001751501441327
82,1.8735941983759403,309.8882205784321,-0.010088987462222573,-195.87125135585666,-1.03049554732435,0.14620839411954156,-0.20946290498585185,3.205335385901947,2.320190730331415,6.74676541512634
83,-1.2257549613714218,-318.5460604727268,0.0021790607832372216,151.5129185281694,0.3789747531472596,0.033120789329039724,0.013421246181735569,4.614805686373557,2.2071031255409133,6.969649566293928
84,-1.5409611519426107,95.37201225757599,0.026372150145471104,65.99386679008603,0.6065403588796503,0.4130610503251031,-0.23157363787828,4.842371292105947,2.5870433865369766,6.724654682233912
85,2.813795341178775,-101.6657754778862,-0.037409556377679114,-286.87025839462876,-1.0549175655513099,0.03664717406626039,0.020932277250235387,3.1809133676749872,2.210629510278134,6.9771605973624276
86,1.3749280264601111,1049.2415606975555,0.01741105262190104,224.25017673522234,-0.9499788550650492,-0.09467289550294211,-0.1268092561371681,3.285852078161248,2.0793094407089314,6.829419063975024
87,-0.4915121318772435,-1041.7659536004066,-0.019075747672468425,-95.12521885335445,-0.7154326126638462,-0.2099086385722264,-0.03397860619494342,3.520398320562451,1.9640736976396471,6.922249713917249
88,-0.3825607830658555,550.2737984061241,0.020325009804219002,-346.92367231473327,0.346989205254693,0.20227567756871956,-0.05465810717659636,4.58282013848099,2.376258013780593,6.901570212935596
89,1.499131049029529,-546.323972940445,-0.01574673820286989,38.50457174703479,-1.0926077705299861,-0.11309921062455608,-0.05380956206493881,3.143223162696311,2.0608831255873175,6.902418758047253
90,2.562641652300954,894.9148491024971,0.03558647474274039,-144.91677302867174,-0.9692021434323861,0.5327924012251297,-0.23481252386657658,3.266628789793911,2.7067747374370033,6.721415796245616
91,-1.8354616854339838,-895.359680056572,-0.027877862565219402,186.49899065494537,-0.3620106572100208,-0.2975889403494334,0.0033839951390435274,3.8738202760162763,1.8763933958624401,6.959612315251236
92,-0.9007391221821308,1090.7016478478909,-0.000502539146691558,293.93512289971113,0.9796257191354867,-0.31758378895220085,-0.14191444780412965,5.215456652361784,1.8563985472596727,6.8143138723080625
93,2.2529241368174553,-1093.4693567454815,0.011350456438958642,-75.75206756591797,-0.973673122111745,0.48457700831371664,0.031683413080414446,3.262157811114552,2.65855934452559,6.987911733192607
94,0.5588485458865762,164.6641306579113,-0.043103941623121506,91.25385070219636,-1.0160388157910551,-0.05861059250672973,-0.3033719441898546,3.219792117435242,2.115371743705144,6.652856375922338
95,-0.06728336494415998,-163.03714737296104,0.044579147733747965,-223.06944327428937,0.320716850649049,0.5459309709878424,0.062497181712107164,4.556547783875346,2.719913307199716,7.018725501824299
96,0.014495013281702995,1138.7191638350487,0.005723325535655022,-107.18372808769345,-0.3260530079115074,-0.1216187943835294,-0.2633324943004425,3.9097779253147897,2.052363541828344,6.69289582581175
97,0.6333396229892969,-1139.170378446579,-0.007374836411327121,240.55878454819322,-0.7761596643428619,0.0520462268676134,-0.03135178301881325,3.4596712688834352,2.226028563079487,6.924876537093379
98,2.305347832851112,269.00474578142166,0.03817000240087509,-298.2458636164665,-0.8758461842759346,0.5877969924006043,-0.12772331724208286,3.3599847489503625,2.761779328612478,6.828505002870109
99,-0.796932683326304,-265.061554312706,-0.04919575033709407,81.6222382709384,-0.5952225522396355,-0.16029587318854865,-0.029809736715905366,3.6406083809866616,2.013686463023325,6.926418583396287
100,-1.7317309631034732,521.0389696061611,-0.023400476202368736,138.28016966581345,0.23919208247908763,-0.3499007132795817,-0.16082251435663242,4.475023015705385,1.8240816229322918,6.79540580575556
101,2.6151422196999192,-519.4238059222698,0.0154789381660521,-181.42185378819704,-0.9294053085006064,0.5290160259637431,0.06621257503512634,3.3064256247256907,2.7029983621756166,7.0224408951473185
102,1.573545217514038,771.8569211661816,-0.03318861201405525,330.0298626534641,-1.0445701520286446,-0.1334768370932804,-0.17113413371311648,3.1912607811976526,2.040505499118593,6.785094186399076
103,-0.30070672556757927,-774.6361277997494,0.02839588867500424,-23.170194681733847,-0.046611436989506316,0.5083328912973442,0.04155244670261826,4.189219496236791,2.6823152275092177,6.99778076681481
104,-0.5756736621260643,66.12746492028236,-0.029853524174541235,-230.87693862617016,-0.504178297760911,0.0013997265532781356,0.10296551828513856,3.731652635465386,2.1753820627651517,7.059193838397331
105,1.302857931703329,-74.77420046925545,0.031315926834940916,100.19254554063082,-0.9714738688995501,0.6098743297584495,0.037909279061312695,3.264357064326747,2.783856665970323,6.994137599173505
106,2.758874070830643,926.1739142239094,-0.013862701039761303,-82.87648940458894,-1.0841517393093456,-0.0869659634066755,-0.27625689701327527,3.1516791939169515,2.087016372805198,6.679971423098917
107,-1.6423084428533912,-921.0509933531284,0.024699340760707858,302.1934171207249,0.9380955427153372,0.44052636394409195,0.05531369726634594,5.173926475941634,2.6145087001559655,7.011542017378538
108,-1.327026535756886,692.9057031869888,0.047335272375494244,179.95256101712584,1.0933927122235207,0.29090970414316963,-0.06661406185956142,5.329223645449818,2.464892040355043,6.889614258252631
109,1.8185960566625,-685.4227110743523,-0.0396154310554266,-134.03479559347034,-1.1206772917821661,-0.04756989531118938,-0.05370925577326613,3.115153641444131,2.126412440900684,6.902519064338926
110,0.9931359644979239,414.2557203769684,0.008685908187180756,32.63983614742756,-0.9812056615338842,-0.09178325748120475,-0.26259061726497546,3.254625271692413,2.082199078730669,6.693637702847217
111,0.359044449403882,-420.5424204468727,-0.00409488156437874,-336.72072123736143,0.07055263287562408,0.4790317093193077,0.039898855297155755,4.306383566101921,2.6530140455311813,6.996127175409348
112,0.23868217784911394,368.3361276984215,0.037060838565230375,313.04700123146176,-0.5744805460733091,0.3031038437932483,-0.12485278316908932,3.661350387152988,2.477086180005122,6.831375536943103
113,0.8791084745898843,-372.5975811481476,-0.026037278678268196,-7.426696363836527,-1.081761895250298,-0.10858617257694858,-0.05480314192478719,3.154069037975999,2.065396163634925,6.901425178187405
114,1.942086510360241,623.9148214459419,0.01950980126857757,154.10913545638323,-0.9632085111459778,-0.09614888283264023,-0.127303821849023,3.2726224220803193,2.0778334533792333,6.828924498263169
115,-1.2161269672214985,-623.1956452131271,-0.017855900805443525,-198.4901513904333,-0.28086486672289324,-0.05032628805440442,0.03465580837421012,3.954966066503404,2.123656048157469,6.990884128486402
116,-1.5307180378586054,990.7930813729763,-0.042043079063296324,-283.99770837277174,-0.2904568259737377,-0.10006905022791068,-0.105823975377068,3.9453741072525594,2.073913285983963,6.850404344735124
117,2.8816820699721575,-987.713860720396,0.046836284641176465,63.144028559327126,-0.9788035170569898,0.6143541745482408,0.02620866568184521,3.2570274161693074,2.7883365107601144,6.982436985794037
118,1.1895129336044192,116.31792113184929,-0.0018319807946681962,-125.74740005657077,-1.0534051411932155,0.016998711669768518,-0.340394612124153,3.1824257920330816,2.190981047881642,6.615833707988039
119,-0.6967267328873277,-118.21929439902306,0.009752475190907717,254.89237075671554,0.20220719062903303,0.12118043444671178,0.04729968467706769,4.43803812385533,2.2951627706585853,7.00352800478926
120,-0.17700643558055162,836.1762620508671,-0.011001828219741584,3.0959395691752434,-0.6103640641328947,-0.29924791633517933,-0.2689357647746684,3.6254668690934024,1.8747344198766942,6.687292555337524
121,1.6841968586668372,-841.5988393127918,0.00016757808625698228,-311.4923596382141,-0.9646100498457182,0.6120058392096475,0.04994474104532287,3.271220883380579,2.785988175421521,7.006173061157515
122,2.4944175612181425,571.5155370533466,-0.04501329092308879,205.09549165144563,-1.0698434033457458,-0.13997495932199255,-0.15722149034715116,3.1659875298805513,2.034007376889881,6.799006829765041
123,-1.8453579004853964,-562.5828064978123,0.04354870021343231,-163.4932299144566,0.7284827769495301,0.5203710820243534,0.0677727434274269,4.964313710175827,2.694353418236227,7.024001063539619
124,-0.9100297540426254,223.40328991413116,0.016179291252046826,-56.067299004644156,0.2105620987026846,-0.16080388244021648,-0.12715621124835508,4.446393031928982,2.013178453771657,6.829072108863837
125,2.184084925800562,-216.79856032133102,-0.020771361514925958,274.23034412786365,-1.0688550894912159,-0.11374631815860337,-0.037869887862758134,3.1669758437350812,2.06023601805327,6.918358432249434
126,0.7445294754579663,1069.4604814052582,0.027530692983418703,-258.7545754387975,-0.835697759013724,0.4580009291206193,-0.1389645451494177,3.400133174212573,2.631983265332493,6.8172637749627745
127,0.13766539935022593,-1077.211095392704,-0.035250052064657214,126.91626846790314,-0.7626621769762787,-0.29211094374412183,-0.0308653238608656,3.4731687562500184,1.8818713924677517,6.925362996251327
128,0.11498158518224955,384.64901223778725,0.01773756230250001,-204.02372498065233,-0.31631074116588165,0.08396593401145314,-0.0640243629027255,3.9195201920604155,2.2579482702233267,6.892203957209467
129,0.7684529172256589,-393.2771511375904,-0.019213150069117547,159.5161885023117,-1.0513499218362727,-0.11378313913396987,-0.03761632725727626,3.1844810113900244,2.0601991970779037,6.918611992854916
130,2.1993764229118824,719.5489771664143,0.025967003870755442,-2.020793315023184,-0.9743025545683301,0.43817893732370194,-0.20295444355324932,3.261528378657967,2.6121612735355755,6.753273876558943
131,-0.926561176776886,-714.4074596464634,-0.036813776940107346,307.51193864271045,-0.41941274319496147,-0.1593865825648435,-0.027834549746876824,3.8164181900313356,2.01459575364703,6.928393770365315
132,-1.8668388929218054,973.9086538553238,-0.009437703993171453,260.42515421286225,0.9705968326496812,-0.3388399241099196,-0.1419832487728856,5.206427765875978,1.835142412101954,6.814245071339307
133,2.5146586280316114,-966.4442583918571,0.0017317619174718885,-131.15032510831952,-1.0525222350768106,0.5217399908666129,-0.041256089784508454,3.1833086981494865,2.6957223270784865,6.914972230327684
134,1.7031707307323813,20.112186670303345,-0.046571103017777206,57.73992221802473,-1.0836541650533555,-0.09723779913951791,-0.04612340000826887,3.1521767681729416,2.0767445370723556,6.910104920103923
135,-0.19474068004637957,-26.417483389377594,0.041990923881530764,-278.4664452075958,0.4485969224773392,0.5016685022585685,0.07256771012168173,4.684427855703636,2.675650838470442,7.028796030233874
136,-0.6814924562349916,820.1793059706688,-0.04360717348754406,-157.91865540668368,-0.6777065294814562,-0.15418472180899734,-0.15175083656867994,3.558124403744841,2.019797614402876,6.804477483543512
137,1.1730768783017993,-820.612496137619,0.045272249821573504,199.73619347438216,-0.974140233161291,0.6128804125048499,0.04700410713250491,3.261690700065006,2.7868627487167235,7.003232427244697
138,2.8592080641537905,475.6113722920418,-0.0002741150557994815,-316.85314159840345,-0.9674949938851656,0.34470133539945547,-0.19341899911680738,3.2683359393411315,2.518683671611329,6.762809320995385
139,-1.5070425514131784,-471.65015637874603,0.011310376692563295,8.669358864426613,0.272083265209619,0.12027257487529441,0.05382906549340394,4.507914198435916,2.294254911087168,7.010057385605596
140,-1.197248462587595,239.98108729720116,0.03550271652638913,121.3404031470418,0.6049782930974068,0.21087973634424495,-0.12261830139571384,4.840809226323704,2.3848620725561185,6.833610018716478
141,1.9244094863533974,-238.38394805788994,-0.02759546032175422,-253.39064858853817,-1.029812815833314,-0.04550030749248757,0.017276480804926386,3.206018117392983,2.128482028719386,6.9735048009171186
142,0.8578754374757409,1165.9455232322216,0.02107361555099488,279.59275590255857,-0.7336312650558505,0.2507575252608705,-0.12998067523257806,3.5021996681704466,2.424739861472744,6.826247644879614
143,0.2587134363129735,-1168.7427543103695,-0.016292122285813095,-61.644350830465555,-0.849601636286978,-0.13246236412641732,-0.049121635913043527,3.386229296939319,2.041519972085456,6.907106684199149
144,0.3818796593695879,1117.8195096552372,0.04889924162998796,87.02780492603779,-0.6552056931360668,0.3978690135477114,-0.19283988028379984,3.5806252400902303,2.571851349759585,6.763388439828392
145,0.9690611269325018,-1123.2240624725819,-0.03805142603814602,-303.78125738352537,-1.030458963892126,-0.0291869124528521,-0.009444028144714345,3.205371969334171,2.1447954237590214,6.946784291967478
146,1.803150779567659,178.01230028271675,0.0071279172785580144,235.02487456426024,-0.9718720563656769,-0.0899913367379166,-0.16841087985971015,3.2639588768606203,2.083990999473957,6.787817440252482
147,-1.310341333039105,-169.0615452826023,-0.005652812868356706,-101.77700622007251,0.12431661392659077,0.04464512495578621,0.002124263794815562,4.360147547152888,2.2186274611676597,6.958352583907008
148,-1.6206736704334617,542.5285130739212,-0.02829581340774894,-28.574637416750193,0.22887236971595648,-0.3368678052625438,-0.2505422432159108,4.464703302942254,1.8371145309493297,6.705686076896281
149,2.7384792240336537,-535.9418079257011,0.032873601838946345,335.56079464033246,-0.9432544296419443,0.6148757430203347,0.04003909977423703,3.292576503584353,2.788858079232208,6.996267419886429
150,1.2837326638400555,863.4392201900482,-0.015426926594227557,-175.88940672576427,-1.0534763744780848,0.1845237458377591,-0.22103664388615396,3.1823545587482123,2.3585060820496326,6.735191676226038
151,-0.5577880218625069,-871.2078586220741,0.02313505560159683,132.87691343575716,0.10531274886271547,0.491702561107517,0.040032196896849115,4.341143682089013,2.6656848973193905,6.996260517009041
152,-0.3157896064221859,86.74781173467636,-0.024958061799407006,296.8322987668216,-0.5339120299927118,-0.1422607934519129,-0.1939571209159583,3.7019189032335853,2.0317215427599606,6.762271199196234
153,1.5898298770189285,-90.99066853523254,0.013921316806226963,-77.3034012876451,-0.9670888668827695,0.4610575065469966,0.04486636541868094,3.2687420663435276,2.63503984275887,7.001094685530873
154,2.6374624455347657,1017.4729898571968,-0.03162423744797707,105.76678365468979,-1.094573104921659,-0.13742951799653103,-0.17247417037632307,3.141257828304638,2.0365528182153425,6.783754149735869
155,-1.7552526695653796,-1016.7352169752121,0.029960203636437657,-236.23656798154116,0.9101604962343437,0.49589825615503,0.06694335150974862,5.145991429460641,2.6698805923669036,7.023171671621941
156,-0.815657407976687,671.6861687600613,0.004159409925341605,-331.35864585638046,0.34809394948358285,-0.08096584737413925,-0.08719036036995309,4.58392488270988,2.0930164888377343,6.869037959742239
157,2.322871076874435,-668.6255447566509,-0.008938716258853674,27.062453143298626,-1.0719285763622741,0.08789338546286896,-0.049473889466234766,3.163902356864023,2.2618757216747425,6.906754430645957
158,0.6544212643057108,322.35749289393425,0.03972802311182022,-139.61099730804563,-0.9246090250460015,0.4997464416202213,-0.25056404146294753,3.3112219081802956,2.673728777832095,6.705664278649245
159,-0.005384849384427071,-324.27746281027794,-0.047637670021504167,185.31615668907762,-0.8436632569365057,-0.30813330567997554,-0.030144816689014142,3.3921676762897914,1.865849030531898,6.926083503423178
160,-0.050598311237990856,698.6000642180443,-0.0020666574127972126,145.98386669531465,-0.38607646578693666,-0.30792533085098084,-0.16065825094605923,3.8497544674393605,1.8660570053608927,6.795570069166133
161,0.5434031197801232,-697.8558003902435,0.00978639777749777,-190.47135906293988,0.029514430526640822,0.41858006804424575,0.05041734176059709,4.265345363752938,2.5925624042561193,7.006645661872789
162,2.2288491502404213,443.0947735905647,-0.0415460997261107,347.9821292683482,-1.0462343400628318,-0.13779495150875887,-0.17211453510953234,3.1895965931634653,2.0361873847031147,6.78411378500266
163,-0.8779040612280369,-447.3308175802231,0.046137025393545625,-42.46830344200134,0.22334132468910628,0.5239138737760536,0.051486045645255274,4.459172257915403,2.697896209987927,7.007714365757447
164,-1.8175761941820383,41.06052741408348,0.018766863923519853,-89.58928007632494,0.6598669431752322,-0.07442261837731401,0.06383267060850084,4.895697876401529,2.0995597178345595,7.020060990720693
165,2.5435162354260683,-42.968570441007614,-0.01730494368821383,218.84139478206635,-1.0751174822596217,-0.11573799949075436,-0.03469313112758954,3.1607134509666754,2.058244336721119,6.921535188984603
166,1.4787360532209277,915.4623202979565,0.03715026518329978,-292.2778538428247,-0.8751453982687627,0.5927906994459198,-0.12712668464847798,3.3606855349575344,2.7667730356577933,6.829101635463714
167,-0.36092615965753794,-912.3900197446346,-0.026314107887446883,71.53132064267993,-0.7196975593650987,-0.1479806808254409,-0.03177722679847417,3.5161333738611984,2.0260016553864326,6.924451093313718
168,-0.5150339873507619,496.8509651720524,0.027930445037782192,192.0784207060933,0.006136336722414981,0.2619809105914799,-0.12584585676702265,4.241967269948712,2.4359632468033534,6.8303824633451695
169,1.3972481032833457,-487.9111357033253,-0.035851321090012794,-150.28356574475765,-1.0977817857845458,-0.029195627561284798,0.0147888914910288,3.1380491474417513,2.1447867086505887,6.971017211603221
170,2.8300798516720533,761.4382870495319,0.01584738735109567,33.13926802948117,-0.9685327091321292,-0.1025045581166184,-0.2403299112958175,3.267298224094168,2.071477778095255,6.715898408816375
171,-1.5560441818088293,-766.8540872633457,-0.02063944870606065,-341.3430922664702,0.21056370846431882,-0.08826666114163384,0.03339148631107847,4.446394641690616,2.0857156750702397,6.989619806423271
172,-1.2456349730491638,1144.7065025568008,-0.044825874455273154,-228.64181948825717,-0.33756191875558894,-0.06405048018961557,-0.1053753351804474,3.898269014470708,2.109931856022258,6.850852984931745
173,1.8946756906807423,-1152.48234719038,0.04317464409396053,96.61158686503768,-0.9784595151269095,0.6133240315588249,0.042157212066812555,3.2573714180993876,2.7873063677706984,6.998385532179005
174,1.0826522456482053,298.72267842292786,-0.011646775715053084,-70.39281111210585,-1.0834065252803002,-0.08793935086235471,-0.2768659877797459,3.152424407945997,2.086042985349519,6.679362332332446
175,0.42455678526312113,-292.1429291367531,0.0006213082931935815,288.363927975297,-0.5251543453663223,0.3306399444136554,-0.02630348861483167,3.710676587859975,2.504622280625529,6.9299248314973605
176,0.31365556828677654,194.271419942379,-0.03322220938280225,-262.9906334914267,-0.8035181555555573,-0.06219240189905895,-0.17917301791432294,3.43231277767074,2.1117899343128146,6.777055302197869
177,0.9591649118810892,-190.3029978275299,0.02863080110400916,46.21713953092694,-0.9697399274151732,0.6216133375388964,0.025009817105313914,3.266091005811124,2.79559567375077,6.981238137217506
178,2.008705127052963,1064.058955013752,-0.02270088577643037,-114.98889736831188,-1.0883077012626896,-0.08340852483480932,-0.2895540153585392,3.1475232319636075,2.090573811377064,6.666674304753653
179,-1.1252755234017968,-1064.485189318657,0.014982188679277891,248.2140826061368,0.5945172624520598,0.018335572096041197,0.06197712422384338,4.830348195678357,2.1923179083079147,7.0182054443360355
180,-1.4349927408620715,847.1806727349758,0.037618893664330244,321.4289475232363,1.1580526580597406,0.20579545084437,-0.06877512674672293,5.393883591286038,2.3797777870562435,6.887453193365469
181,2.9434279883280396,-849.9669782817364,-0.048452863283455376,-14.42007850855589,-1.1263715501729172,-0.11576679226278586,-0.05528103280981522,3.10945938305338,2.0582155439490877,6.900947287302377
182,1.2744420319795609,596.2896399199963,0.006000009085983041,174.11752259358764,-0.9775936369371374,-0.09321939000468671,-0.14875047469475344,3.2582372962891597,2.080762946207187,6.807477845417439
183,-0.6266272328794003,-594.6812532842159,-0.007464319281280038,-217.11000306531787,0.09928268839013477,0.2027977683748996,0.032017728188239225,4.335113621616432,2.376780104586773,6.988246048300431
184,-0.24729729443788528,1000.9186126291752,0.009287413023412225,-53.153930604457855,-0.07919009142831968,-0.1441135625384824,-0.24014653528894225,4.156640841797977,2.029868773673391,6.71608178482325
185,1.5994578711688519,-995.7890219986439,-0.0044943084008991704,272.705508582294,-1.0374152266393373,0.2947134769006077,-0.03213791563219903,3.19841570658696,2.468695813112481,6.924090404479993
186,2.4328629644587636,140.7990463078022,0.04720358941704035,-244.2147766239941,-0.9297881132817851,0.7045759965676393,-0.12943587836117398,3.306042819944512,2.878558332779513,6.826792441751018
187,-1.9412733456119895,-149.43886175751686,-0.03928319597616792,113.76503640785813,-0.542831264793072,-0.3069294615638596,0.0005622312183675149,3.692999668433225,1.867052874648014,6.95679055133056
188,-1.0010725008323789,338.911297917366,-0.013488695211708548,18.63442612811923,-0.3271903874589799,-0.3241896980392345,-0.26711227266444215,3.9086405457673172,1.849792638172639,6.68911604744775
189,2.117656475864351,-345.2230855822563,0.02451177267357707,-322.95062905177474,-0.8355630014432003,0.6130632365898854,0.05809039293178575,3.400267931783097,2.787045572801759,7.014318713043978
190,0.6646643783897161,617.6343619823456,-0.03030731063336134,210.3854164481163,-1.0208948336620383,-0.13950206809346977,-0.1568876028512003,3.214936099564259,2.0344802681184038,6.799340717260992
191,0.06250187940895557,-610.1767793297768,0.03196072867140175,-164.70297146588564,-0.012206641235835036,0.5443644982219822,0.054431411796140416,4.223624291990462,2.7183468344338557,7.010659731908333
192,0.08470453042536974,933.1244766712189,-0.027193642035126687,262.5118624418974,-0.6992275283734175,-0.3370040843719164,-0.16313531477185794,3.5366034048528796,1.836978251839957,6.793093005340334
193,0.7206008741632104,-932.6993599534035,0.03509880611672998,-45.9079435095191,-0.9325063173983517,0.6245484901786496,0.023615761672203917,3.3033246158279455,2.798530826390523,6.979844081784396
194,2.100937284529209,59.16201174259186,-0.016620454192161564,115.20046880468726,-1.0380124971778542,-0.16167278876835844,-0.03541684564302461,3.197818436048443,2.012309547443515,6.920811474469168
195,-1.0624927915632725,-63.13155144453049,0.02140443297103048,-248.59787849709392,0.856853420970479,0.2556508082118851,0.35060622426274346,5.092684354196776,2.4296331444237587,7.306834544374936
196,-1.9972147587686777,425.8960850536823,0.04408690221607685,-321.6513813473284,1.3778424967830034,0.35938531283834996,-0.11964739867098118,5.6136734300093005,2.5333676490502235,6.836580921441211
197,2.4106553960591555,-427.50100269913673,-0.042424299474805596,14.814755041152239,-1.1257232226727543,-0.11583304998371391,-0.05554206745997359,3.110107710553543,2.0581492862281596,6.900686252652219
198,1.6608827812597156,681.2550522387028,0.012422249466180799,-173.64959307014942,-0.9428847954560511,0.368434207062295,-0.06365302475163048,3.292946137770246,2.5424165432741685,6.892575295360562
199,-0.23057348374277353,-678.4652777016163,-0.0013838837854564176,216.81162510067225,-0.08164955667858109,-0.07135676057685014,0.005259689169819559,4.154181376547716,2.1026255756350234,6.961488009282012
200,-0.6434799106791615,280.7973079383373,0.0028682262636721134,52.94243870303035,0.0824495282554123,-0.12143164136532292,-0.26452359092435085,4.318280461481709,2.0525506948465506,6.691704729187841
201,1.2131934305652976,-272.16088995337486,-0.010571682825684547,-272.32179483398795,-1.0013791356919435,0.4775407603379396,0.030325904208774013,3.2344517975343536,2.651523096549813,6.986554224320966
202,2.9657641630619764,1126.9277416169643,0.040732538420706996,244.69346031546593,-0.9488989728583421,0.4670559410930948,-0.1286628477246916,3.286931960367955,2.6410382773049683,6.8275654723875006
203,-1.3792278971523046,-1132.0607297122478,-0.04531480967998505,-114.07414767891169,-0.5478141335131963,-0.2764563908672939,-0.035757385685248444,3.688016799713101,1.8975259453445796,6.920470934426944
204,-1.0640223026275635,778.964276611805,-0.019566073175519706,-19.102276116609573,-0.3459678281555001,-0.33346005475998686,-0.25086799569822116,3.889863105070797,1.8405222814518867,6.705360324413971
205,2.025562424212694,-786.4206880331039,0.01809258945286274,323.2489248737693,-0.9418739151220814,0.4438295903875433,0.047057574906690824,3.2939570181042157,2.617811926599417,7.003285895018883
206,0.9033951507881284,513.9373406767845,-0.03633892042562366,-210.16306998208165,-1.038233680158665,0.13950902300758816,-0.1726938448406976,3.197597253067632,2.3134913592194617,6.783534475271495
207,0.2913144761696458,-507.6243817806244,0.025489673763513562,164.30837968364358,-0.10358569317370403,0.585443490963252,0.04714458374174679,4.132245240052593,2.7594258271751255,7.003372903853939
208,0.48093451373279095,578.4695327281952,-0.008537711575627327,-145.77229265123606,-0.7554077329857987,0.0008726270640910805,-0.2967465675940675,3.4804232002404984,2.1748549632759646,6.659481752518125
209,1.104385370388627,-574.2368951439857,0.0037547872401773943,190.08756056427956,-1.005079060369892,0.4678052042947112,0.02493748961125153,3.230751872856405,2.6417875405065847,6.981165809723444
210,1.8340352056548,829.2142421007156,-0.04796528369188309,-348.4608977101743,-1.0422274321423184,0.4547927674806509,-0.19635715898949968,3.1936035010839787,2.6287751036925244,6.7598711611226925
211,-1.2631050059571862,-829.9619123339653,0.04005964817479253,42.77749685570598,0.6511164281846273,0.46463372052487983,0.042159358271168124,4.8869473614109245,2.6386160567367534,6.99838767838336
212,-1.577772389166057,1081.1042793095112,0.012735250964760775,90.05721220746636,0.5100156399160722,-0.16297913915985385,-0.10879528026058694,4.745846573142369,2.0110031970520197,6.847433039851605
213,2.7737070405855775,-1084.1753996908665,-0.02377599542960525,-219.13977535441518,-1.0315533142979194,0.17626479963197372,0.01809353102943323,3.2042776189283777,2.3502471358438473,6.974321851141625
214,1.414713516831398,211.75607219338417,0.031072890013456353,292.05542262643576,-0.9440372302059203,0.43850294187219596,-0.1318085765096031,3.2917937030203768,2.6124852780840695,6.824419743602589
215,-0.45439812168478966,-209.84684899449348,-0.03273329390212894,-71.13664671778679,-0.7273707012851944,-0.29083955396001904,-0.03416531375647125,3.5084602319411027,1.8831427822518545,6.922063006355721
216,-0.4217383340001106,635.713105648756,0.03401087978854776,-191.5997344069183,0.20115916118087362,0.33035595924239214,-0.07132450394011958,4.436990094407171,2.5043382954542657,6.884903816172073
217,1.461399506777525,-630.2984140813351,-0.029429079964756966,149.9744518660009,-1.0953116378735772,-0.11330134676021597,-0.0392315435514492,3.14051929535272,2.0606809894516576,6.916996776560743
218,2.6000656159594655,356.5504275262356,0.021875951904803514,-33.35075732320547,-0.969089110980994,0.325858741477826,-0.2477335288069602,3.266741822245303,2.4998410776896995,6.708494791305232
219,-1.7959765931591392,-365.4913656413555,-0.014171440899372105,341.726803407073,0.27382977662698327,-0.054982402709752076,-0.024868328735833778,4.50966070985328,2.1189999335021215,6.931359991376358
220,-0.8605721341446042,123.43099862337112,-0.03840363090857864,228.86416856199503,-0.4070738204132094,-0.13506082593914392,-0.1771163059779859,3.8287571128130877,2.0389215102727296,6.779112014134206
221,2.289656705223024,-130.0072878599167,0.0492550764232874,-97.00618125498295,-0.9768074272898022,0.604403810401343,0.021916713088320883,3.259023505936495,2.7783861466132165,6.978145033200513
222,0.521808436140418,983.6971744894981,-0.005178769957274197,69.92496373131871,-0.8170176482634561,-0.10392453405976987,-0.27234136922725494,3.418813284962841,2.0700578021521037,6.683886950884937
223,-0.10714277438819408,-975.9178698062897,0.006649874895811078,-288.06563476100564,0.27063695301556745,0.2453374361863876,0.057977311989916736,4.506467886241865,2.419319772398261,7.014205632102109
224,-0.022847897373139858,0.42342469096183777,0.042870680801570415,-87.49173292890191,0.11359667817506924,0.5472875012278111,0.04297247650268421,4.349427611401366,2.7212698374396846,6.999200796614876
225,0.593782995827496,-9.370710700750351,-0.044519425649195914,304.07296093180776,-0.8447632380932695,-0.16685600291289404,-0.033950714446891794,3.3910676951330276,2.0071263332989795,6.9222776056653
226,2.3445968814194202,954.3662153184414,0.0010474907234311118,-234.80645008385181,-0.9876184828123682,0.39782034345940165,-0.17848081406695204,3.248212450413929,2.571802679671275,6.77774750604524
227,-0.7592822313308716,-948.9581935107708,-0.01207505026832223,101.3890067115426,-0.6075814222442495,-0.008754891686665545,0.001574520879405128,3.6282495109820476,2.165227444525208,6.957802840991597
228,-1.6946097817271948,739.9942114949226,-0.034763815440237524,28.367067500948906,-0.39588294110017097,-0.34076321545323407,-0.2516829101541376,3.839947992126126,1.8332191207586395,6.704545409958055
229,2.6549301128834486,-732.2266906499863,0.026845043431967502,-335.1836731657386,-0.8365623755794673,0.6295757196238077,0.061329630252235035,3.39926855764683,2.803558055835681,7.017557950364427
230,1.5334497829899192,404.65491861104965,-0.021849161945283413,176.36416843160987,-1.068872434906019,-0.13783683840922478,-0.17097118291827584,3.166958498320278,2.0361454978026488,6.785257137193916
231,-0.33752032835036516,-411.24274134635925,0.01705462699756026,-133.17943243309855,0.11413690778288732,0.14951797443515114,0.05564427382464743,4.349967841009184,2.3235003106470247,7.01187259393684
232,-0.5361957037821412,1185.3756487369537,-0.01853886963799596,-297.0506437122822,-0.5231027248194056,-0.09311087330969814,-0.09977506333448449,3.7127282084068916,2.0808714629021754,6.856453256777708
233,1.3402795298025012,-1186.1122503876686,0.01999869775027037,77.69131865352392,-0.9745039849876727,0.5459895725790296,0.03289547282759653,3.2613269482386245,2.719971908790903,6.989123792939789
234,2.7211496997624636,259.8508268594742,-0.025153179559856655,-105.30294300988317,-1.0870435986275817,-0.1064384063717605,-0.2808362488197469,3.1487873345987154,2.067543929840113,6.675392071292445
235,-1.6814835909754038,-255.60679882764816,0.03599182236939669,235.94494918361306,0.9345479372344929,0.46975040504855237,0.060374186499185356,5.17037887046079,2.643732741260426,7.0166025066113775
236,-1.3668931163847446,455.4888613522053,0.0102367932908237,330.88396368548274,0.9881787451574695,-0.15869272255255185,-0.1216064006578561,5.224009678383767,2.0152896136593217,6.834621919454336
237,1.7815535441040993,-453.5722889006138,-0.002519526518881321,-26.760016288608313,-1.0593888050007263,0.13826287698584405,-0.050384951433820824,3.176442128225571,2.3122452131977176,6.905843368678371
238,1.029875666834414,799.9101854860783,0.0457596397958696,139.8184798657894,-0.9685598012338601,0.4695340013215823,-0.12911247753736443,3.267271131992437,2.643516337533456,6.827115842574828
239,0.39921380300074816,-802.9742069542408,-0.04116661008447409,-185.6931934133172,-0.8345133142603784,0.1152867743938697,0.02156537291918159,3.4013176189659187,2.2892691106057432,6.977793693031374
240,0.1972909290343523,883.2676224410534,0.024208622984588146,204.24215206876397,-0.5306063688203353,0.25573156249248896,-0.12969290364095531,3.705224564405962,2.4297138987043625,6.826535416471237
241,0.8411492612212896,-888.4079597890377,-0.013181534130126238,-159.90419061854482,-1.0253260175479846,0.4837622744699308,0.023449665002986286,3.2105049156783125,2.6577446106818043,6.9796779851151785
242,1.980348533950746,561.9175873696804,0.032386192865669725,1.5568679198622704,-0.9928380602844711,0.47517598220855906,-0.19990828622936974,3.242992872941826,2.6491583184204326,6.756320033882822
243,-1.1750384913757443,-553.2882682979107,-0.030736392829567194,-307.22023770213127,-0.2837509188060485,-0.09263012560411443,0.030719390618680897,3.9520800144202486,2.081352210607759,6.986947710730873
244,-1.4903209945186973,157.70211964845657,-0.0034060845151543603,-259.95038989931345,0.7526503095855928,0.08539625646264559,-0.1080007051125369,4.98848124281189,2.259378592674519,6.848227614999655
245,2.9206259520724416,-151.40022933483124,0.008202819060534237,130.84780350327492,-0.9932769871795886,0.4299276830239642,0.035815422543209685,3.2425539460467085,2.6039100192358378,6.992043742655402
246,1.1508718244731426,1097.6556524634361,-0.04049372281879187,-57.94748952612281,-1.10145757170035,-0.1323934017166648,-0.27660856913839993,3.134373361525947,2.0415889344952087,6.679619750973792
247,-0.7374265864491463,-1105.1234543323517,0.04841011678799988,278.8435640744865,0.25090319430928787,0.5174143133397933,0.055772227514730766,4.486734127535585,2.691396649551667,7.012000547626923
248,-0.13897332176566124,302.7923047542572,-0.04968760283663869,158.38249865919352,-0.728492921246247,-0.34517228755212837,-0.1637495729923808,3.50733801198005,1.8288100486597452,6.792478747119811
249,1.7255141884088516,-306.75006061792374,0.0388500152155757,-200.02781488001347,-0.9237908463721518,0.618006119813197,0.057509659354894715,3.3120400868541453,2.7919884560250705,7.013737979467087
250,2.4534077728167176,651.9743710756302,-0.006302672717720267,316.6347992606461,-1.025702815206461,-0.10008410489797903,-0.15521731065676203,3.210128118019836,2.0738982313138945,6.80101100945543
251,-1.8836985928937793,-651.5377208590508,0.00484237391501665,-8.281444106251001,0.3878130267985753,0.03554304567356237,0.03519773719169006,4.623643960024872,2.209525381885436,6.991426057303882
252,-0.9488997170701623,1037.4558694660664,0.029080478381365543,-121.1329179815948,0.2081475095557117,0.2785028385705015,-0.1974413587139594,4.443978442782009,2.452485174782375,6.758786961398233
253,2.143613982014358,-1034.6597470343113,-0.03367588613182307,253.01360925659537,-1.074820431682757,-0.1132140096390879,-0.03840210009126732,3.16101050154354,2.0607683265727856,6.917826220020925
254,0.7853079978376627,107.17030540108681,0.014605616685003042,-280.0674354657531,-0.8162951034894017,0.5525817220983149,-0.06498370810506149,3.4195358297368954,2.7265640583101884,6.891244612007131
255,0.17622782103717327,-108.76855328679085,-0.022320683859288693,61.94678507745266,-0.7603774320476107,-0.2910100924611634,-0.04705524340385647,3.4754535011786865,1.8829722437507102,6.909173076708336
-1,0.0,0.0,0.0,0.0,0.0,0.0,0.0,4.235830933226297,2.1739823362118735,6.956228320112192
