method,eval_id,feasible,violation,composite,shock_FEDFUNDS,shock_USGOVT,shock_BOGMBASE,shock_NONBORRES,delta_BAAFFM_T,delta_CPI_YOY,delta_UNRATE_L,loss_BAAFFM_T,loss_CPI_YOY,loss_UNRATE_L
RandomSearch,0,1,0.0,0.0005814908669974478,2.7176625280527693,-337.38951998022446,0.028480541196997708,63.89472966058827,-0.9772194779618184,0.6227461012878748,0.024844335382696592,0.007282048585329104,0.8383462580530746,0.18738220967994668
RandomSearch,1,1,0.0,0.47607646978694557,-0.5283571940153591,1014.5416474149943,0.03693315446785694,-95.10310159663402,0.010393623209526304,0.2782951499519646,-0.1928797683266268,0.9948951497566738,0.4938953067171644,0.030341894029376704
RandomSearch,2,1,0.0,0.0005676513328537283,2.8658840731644695,-661.141606235685,0.03054958679281221,126.62736189659086,-0.979119230224788,0.6188184351786159,0.03960155916010866,0.005382296322359537,0.8344185919438157,0.20213943345735874
RandomSearch,3,1,0.0,0.0005698377054041845,0.35530260612849984,-1126.0668706775768,0.03947982030827969,51.54276667027233,-0.6383166384261463,0.5882724165916766,0.036987824343477804,0.34618488812100123,0.8038725733568765,0.1995256986407279
RandomSearch,4,1,0.0,0.5004421095579434,-0.04845871173411331,-348.77031068423275,0.015197301946040506,-107.08010277112686,0.001786206433539661,0.12495101394633323,0.04932941163160276,0.9862877329806872,0.34055117071153307,0.21186728592885284
RandomSearch,5,1,0.0,0.7570916492511045,0.5378995407458498,-309.7543134952534,-0.04447971460527899,-174.71355976920972,-0.8542771847040376,0.12262510319709063,0.018360886190333936,0.13022434184310994,0.33822525996229047,0.18089876048758402
RandomSearch,6,1,0.0,0.9833329843351041,2.204815191039268,763.570595100822,0.016732542623586893,-20.588686231341285,-0.9660473024665359,-0.0875778527439186,-0.24183224110971135,0.018454224080611592,0.12802230402128123,0.07929436681246127
RandomSearch,7,0,2.0,0.985852459457508,2.849222463578224,816.6258095510418,-0.02549325387464443,47.28296257104239,-1.0878960488667562,-0.12416505140879464,-0.27584717197087993,0.10339452231960866,0.0914351053564052,0.11330929767362985
RandomSearch,8,1,0.0,0.9716311228004614,2.779756236335235,685.4821550248055,-0.013064972026810985,-21.053433841060382,-1.0851940603002208,-0.09160805374960246,-0.2760199650611277,0.1006925337530733,0.12399210301559738,0.11348209076387761
RandomSearch,9,1,0.0,0.6577719044473205,0.5891341364242444,964.5441640689583,0.02142955456140426,-71.30345354061097,-0.9196672047478134,0.30372763948552617,-0.23992146814250592,0.06483432179933413,0.519327796250726,0.07738359384525584
RandomSearch,10,1,0.0,0.4159789751597924,0.3102067483438211,-978.4564654294526,-0.0007965042196754896,-189.68434532838086,-0.014928886746933046,0.2956747576539307,0.035653190670832835,0.9695726398002145,0.5112749144191305,0.19819106496808292
RandomSearch,11,1,0.0,0.8236698219835564,-1.5343398602235385,-980.9356316046442,-0.028417454047284553,139.3884736816671,-0.3636345556456493,-0.29761820536871975,0.002799411019043241,0.6208669709014982,0.08201804860351991,0.16533728531629333
RandomSearch,12,1,0.0,0.00044715074878969263,-1.1040838753957298,164.12917993005294,0.010261905868133157,326.3857987534642,0.9777728728345876,-0.09556398314154668,-0.13934434645218285,1.962274399381735,0.12003617362365315,0.02319352784506723
RandomSearch,13,1,0.0,1.0,0.29099924062927585,658.8655468469005,-0.0465105679342674,101.22463307717663,-0.8500921892404536,-0.15253594922606295,-0.16726294853071,0.1344093373066939,0.06306420753913689,0.004725074233459914
RandomSearch,14,0,1.0,0.0005482186781177996,2.9015166464080053,-1086.2812921633465,0.04076498213513692,-240.95514463841982,-0.9161270990504735,0.6300579413132481,0.05877495067160421,0.068374427496674,0.8456580980784479,0.2213128249688543
RandomSearch,15,1,0.0,0.8763583443361954,1.3762435395283337,-1139.3329890013713,-0.04385344084985091,-255.71234066779826,-1.0482115457802599,-0.06659026885853958,0.0191390318793232,0.06371001923311237,0.14900988790666025,0.18167690617657328
RandomSearch,16,1,0.0,0.9940427972390804,2.5066147913297767,678.9334529110479,0.01617883437051537,104.61978946047185,-0.9637587984325449,-0.10548559744798114,-0.12978007435765093,0.02074272811460265,0.1101145593172187,0.03275779993959915
RandomSearch,17,1,0.0,0.5359279805897444,-0.5311952684666204,67.45268901999316,-0.0018131465170838287,315.7803917447443,0.17536684602289654,-0.1245447668228552,-0.02233849684123168,1.159868372570044,0.09105538994234463,0.1401993774560184
RandomSearch,18,1,0.0,0.9987458087261268,0.27102048797515943,592.6163369485278,-0.014134690563640896,297.7974656497039,-0.7121892500912259,-0.11346153875331932,-0.16420439937107378,0.2723122764559216,0.10213861801188051,0.0016665250738236992
RandomSearch,19,0,2.0,1.0,2.2618616044298765,1180.52573648083,-0.027295737136736643,259.26959051869346,-1.0418287646127569,-0.13906533955626044,-0.15746994099074296,0.057327238065609354,0.0765348172089394,0.005067933306507122
RandomSearch,20,1,0.0,0.0002521696581365324,0.3849517914184384,22.517074081930787,0.004179809704652149,-285.71170840215416,0.14697420081104795,0.49385843422391584,0.1421576207499804,1.1314757273581955,0.7094585909891157,0.3046954950472305
RandomSearch,21,0,1.0,1.0,2.4053888211970715,250.54807743439756,-0.039469348283198404,167.3399636484188,-1.0931374374096685,-0.13904490412959003,-0.172906789476861,0.108635910862521,0.0765552526356098,0.010368915179610916
RandomSearch,22,1,0.0,0.0003207646998581647,-1.4328245889377342,-285.0041877749941,0.01695266462551584,-24.316359920964373,0.41093755116349584,0.12511352424414213,0.055943512541348106,1.3954390777106433,0.34071368100934196,0.2184813868385982
RandomSearch,23,1,0.0,0.4745219843991346,-1.6751521891418917,293.4286783937407,-0.013327216647791587,-83.06273996935522,0.25271941053751856,-0.2959705346960473,-0.26665905671851764,1.237220937084666,0.08037037793084745,0.10412118242126756
RandomSearch,24,1,0.0,0.00012513780091405273,-1.1852417207632386,-758.6104906799337,0.04930890048720073,73.11180819068102,0.6495838604847695,0.46516172873227024,0.042569719060108646,1.634085387031917,0.6807618854974701,0.20510759335735873
RandomSearch,25,1,0.0,0.8079410046269333,0.9371241769327798,674.3420600590548,-0.011646115499271872,-242.08786184242587,-1.0063642769677346,0.15790512861540584,-0.18094710830954153,0.02186275042058705,0.3735052853806057,0.018409234012291442
RandomSearch,26,1,0.0,0.23252488936943308,1.0358297628569328,-228.3964064632786,-0.00965441442521503,-288.51831100400494,-1.0007924155551593,0.47509154296831424,0.032033981511932375,0.01629088900801179,0.6906916997335141,0.19457185580918246
RandomSearch,27,1,0.0,0.0004349873337638161,0.10452549724874771,-1075.3533213112557,0.04019569217261973,-87.60505015894438,-0.09057218290556168,0.5702329864560856,0.030135164878153375,0.8939293436415858,0.7858331432212854,0.19267303917540346
RandomSearch,28,1,0.0,0.671918569730087,1.5765898976228434,211.99166312598686,-0.005985561733510614,-113.08409085525284,-1.0601077712033757,0.27584462316949576,-0.2883785474793248,0.07560624465622823,0.4914447799346956,0.1258406731820747
RandomSearch,29,1,0.0,0.8884995042505938,-1.8402952977264664,371.02397163030605,-0.0400545421147227,-185.63853618643975,-0.358358282715284,-0.1285197721417961,-0.1113743530623621,0.6261432438318635,0.08708038462340373,0.05116352123488799
RandomSearch,30,1,0.0,0.8402639617892305,2.794540585129166,-297.9887555268431,-0.013750381842431103,132.92330852033137,-1.0846553769897165,0.0896092314665351,-0.0377228106315437,0.10015385044256897,0.30520938823173493,0.12481506366570638
RandomSearch,31,1,0.0,0.9253794415696103,-0.6512631916744132,-316.34464927599186,-0.019252226503419814,136.7268373180512,-0.6900195351363068,-0.29578027629437664,0.002213579697742496,0.29448199141084075,0.08018011952917681,0.16475145399499258
RandomSearch,32,1,0.0,0.00012367584833978987,-1.6135841445222496,-285.8171236775273,0.04972630420077412,98.66626563410222,0.6642069138426727,0.46419109605224573,0.056788107079260186,1.6487084403898202,0.6797912528174456,0.21932598137651027
RandomSearch,33,1,0.0,0.9694708087737173,0.3757512532624423,-505.93045456040966,-0.04773238937596075,286.645605694706,-0.7639023601530295,-0.12860168557475316,-0.034436365596569374,0.22059916639411803,0.08699847119044668,0.1281015087006807
RandomSearch,34,1,0.0,0.9867690286474977,2.6040139674197453,1148.4375022841286,-0.00205215824592013,65.30418113349953,-1.0331793118034178,-0.1247737494994352,-0.27500005976465847,0.04867778525627031,0.09082640726576463,0.11246218546740838
RandomSearch,35,1,0.0,0.6517057649716893,-0.5550139876873739,788.1548814983978,0.008265462194436954,-142.3291527901709,0.044288902754493265,-0.0745778875505465,-0.13819834815792564,1.0287904293016408,0.14102226921465333,0.02433952613932444
RandomSearch,36,1,0.0,0.44320712865974254,-0.5247043344538576,-345.0491274178744,0.017069542605646693,188.69895467774438,0.09933304940971777,0.12641094486936133,0.056616031988799165,1.0838345759568653,0.34201110163456117,0.21915390628604925
RandomSearch,37,1,0.0,0.0003461132230257992,-1.4813485492068756,1029.325718862783,0.02531299653305079,213.41325864547275,0.6262730941613164,0.20536685068415617,-0.12186003965884762,1.6107746207084639,0.420967007449356,0.040677834638402466
RandomSearch,38,1,0.0,0.00015573567880383196,-1.0123240840855579,-857.1026730082345,0.023421283235860457,307.27554451741435,0.9648291206806778,0.44189275413432405,0.055079585874252324,1.9493306472278253,0.6574929108995239,0.2176174601715024
RandomSearch,39,1,0.0,0.9603904071724207,-0.26635317052181295,-960.0011459934325,-0.017345117117232946,236.42198686838435,-0.7187980982228543,-0.2969942665712133,-0.026516793253104076,0.26570342832429317,0.08139410980601347,0.136021081044146
RandomSearch,40,0,1.0,0.9885200626988555,2.118755671836274,-637.548526383002,-0.034510476829483744,-3.159364250883243,-1.124119908914099,-0.10874726613299313,-0.05543760798797681,0.13961838236695145,0.10685289063220671,0.10710026630927327
RandomSearch,41,1,0.0,0.5604119027478887,-0.39733080746315297,841.5868357052109,-0.0035024785173712533,-191.26242913605515,0.06966859656129998,0.09063090262640605,-0.0878232361242226,1.0541701231084475,0.3062310593916059,0.07471463817302748
RandomSearch,42,1,0.0,0.4460778241164629,0.15236387608426183,-665.7282715871613,0.02038933327690934,330.4181611855098,-0.06338991320171772,0.2659545134791781,0.04860980600811704,0.9211116133454298,0.4815546702443779,0.21114768030536712
RandomSearch,43,1,0.0,0.0005840824950678697,1.0422153350626497,-629.8381899976252,0.03120563145298587,-94.60829010236341,-0.9755163941287899,0.6217796043489621,0.021975352929929137,0.008985132418357633,0.8373797611141619,0.18451322722717922
RandomSearch,44,1,0.0,0.4488658180742555,-1.5592337650576304,-831.089209974841,-0.012911855346519,234.39967221478435,0.2324432687674598,-0.012340650783309481,-0.02386355498980297,1.2169447953146073,0.20325950598189035,0.1386743193074471
RandomSearch,45,1,0.0,0.8818260662728384,-0.8666758594844819,677.9548462151374,-0.04176371335954209,237.74206716308743,-0.38335586801612065,-0.34830516153123314,-0.16223243164494772,0.6011456585310269,0.1327050047660333,0.0003054426523023679
RandomSearch,46,1,0.0,0.757505509260418,1.5749342920251341,-988.1533282743733,-0.045762178932977064,-173.9730077194582,-1.0785827924248435,0.12480616283375578,0.016586370219489943,0.09408126587769594,0.3404063195989556,0.17912424451674003
RandomSearch,47,1,0.0,0.00045103182972334495,-1.1038646496746796,353.6880740380709,-0.002896066794160282,51.141203430560665,0.47327923769460334,-0.3130170292017074,-0.26567601927307205,1.4577807642417508,0.09741687243650754,0.10313814497582197
RandomSearch,48,0,1.0,0.982137131966158,-0.5740750191452979,1148.082345073291,-0.039787544299472524,114.05673055891725,-0.6927199976753813,-0.3456001149441066,-0.16436176423128313,0.2917815288717662,0.12999995817890675,0.0018238899340330406
RandomSearch,49,1,0.0,0.27422918832082105,0.6575860998609739,1175.7000784066822,0.045485572418836204,-14.262519110912137,-0.9318128909202037,0.47331322437702195,-0.2375557685750751,0.052688635626943814,0.6889133811422218,0.07501789427782501
RandomSearch,50,1,0.0,0.9680223860567223,0.2400382134011796,-344.00655772370317,-0.032815356202972525,127.29018800313156,-0.8650215473890244,-0.13594650420009957,-0.03315986474002486,0.11947997915812314,0.07965365256510026,0.12937800955722523
RandomSearch,51,0,1.0,0.0005546538570042179,2.4342255127909187,-57.125273094907016,0.041760553844907,-178.39717806722925,-0.9300420158671234,0.6089672429552673,0.05262066284586542,0.05445951068002408,0.8245673997204671,0.2151585371431155
RandomSearch,52,1,0.0,0.3761958146162861,-0.6645924297538417,1092.3339241447406,0.04194460479565239,8.669081176863244,0.14998379410407292,0.3146093897034543,-0.1918630477920793,1.1344853206512204,0.5302095464686541,0.029325173494829215
RandomSearch,53,1,0.0,0.9926773190930219,0.7539181160412394,-352.3004281454098,-0.047148349020286896,-87.61998135966752,-1.0528631192597375,-0.11721915291921192,-0.05558642391961488,0.06836159271259001,0.09838100384598791,0.1069514503776352
RandomSearch,54,0,1.0,0.0005367643852924506,2.9254545339111466,19.607553441068603,0.030717569407864784,-237.37416968382837,-0.862605898837665,0.7150112083849254,0.06926591522035963,0.12189562770948248,0.9306113651501252,0.23180378951760972
RandomSearch,55,1,0.0,0.0006496341989431603,1.6708170739343657,216.7045717002252,0.04866647029966645,-131.70215891251166,-0.9737189513458349,0.4956234082526243,-0.25638066964513584,0.01078257520131265,0.7112235650178241,0.09384279534788575
RandomSearch,56,1,0.0,0.0005160197066289951,0.33261340864985467,-548.2196673070753,0.023737899411580263,-302.02711317303834,-0.43219106344060476,0.5894157128854931,0.046459174850674856,0.5523104631065427,0.8050158696506929,0.20899704914792494
RandomSearch,57,0,1.0,0.9838863761316602,1.656571955589004,802.5970851837872,-0.025187334993769975,-98.99348477194113,-1.08564509405534,-0.12393342128548124,-0.27765724960391847,0.10114356750819242,0.0916667354797186,0.11511937530666838
RandomSearch,58,0,1.0,0.9821828789555346,-0.27246726024107426,903.4219096068146,-0.034413608192401336,290.0180962180416,-0.7064145886959641,-0.3455245410727852,-0.16230050344637448,0.27808693785118344,0.12992438430758535,0.00023737085087560672
RandomSearch,59,1,0.0,2.4227016480993986e-07,-1.537001486342302,-1111.006924994384,0.031179159901894515,-304.2516743732231,1.0017886188074812,0.4926807139673146,0.07049419571128279,1.9862901453546287,0.7082808707325144,0.23303207000853288
RandomSearch,60,1,0.0,0.0005625807526611714,0.8408080770668094,42.82205934108515,0.03858050797363555,122.05189437772248,-0.8568293145234986,0.4978851291514945,0.04477563025158293,0.12767221202364887,0.7134852859166944,0.20731350454883302
RandomSearch,61,1,0.0,1.0,2.9105081285603527,435.68009052197567,-0.016571341519709647,306.1943971493247,-1.0436599334344066,-0.13935373952383268,-0.1700503607096735,0.05915840688725904,0.07624641724136716,0.007512486412423414
RandomSearch,62,1,0.0,0.8381954139384896,-1.6045831222033757,437.302730782018,-0.03917706380773961,-224.5041171424495,-0.3067573069223437,-0.06359114102625885,-0.10650245084704668,0.6777442196248038,0.152009015738941,0.0560354234502034
RandomSearch,63,1,0.0,0.9613035937727694,-0.06841199324782932,-0.7679613808609247,-0.04464175135876722,-66.00978211047686,-0.7209484586941435,-0.33082488645607677,-0.03492694554578435,0.26355306785300403,0.11522472969087694,0.12761092875146574
RandomSearch,64,1,0.0,0.8383287747534396,0.6849720647110042,-530.5790892036673,-0.009390695421084581,195.66926191880282,-1.0270328134606905,0.08504856799878713,-0.03229331055068396,0.04253128691354302,0.30064872476398696,0.13024456374656612
RandomSearch,65,1,0.0,0.7743526111487439,-1.0476331888354729,-458.39315998700977,-0.022390857876279004,-175.74442006190952,-0.3353787728209654,-0.1208096631094504,0.03427988866732523,0.6491227537261821,0.09479049365574943,0.19681776296457532
RandomSearch,66,1,0.0,0.0004405917635876109,-1.8136386937332936,1096.1842576169215,0.0008610740696864197,-121.10429141282066,0.47291245723763176,-0.0791143948556754,-0.26697455680845295,1.4574139837847793,0.13648576190952444,0.10443668251120286
RandomSearch,67,0,2.0,0.8523139247554823,2.402394269238118,-1147.3635400263845,-0.03940121656449657,-336.85488809018653,-1.0348574383344986,-0.03377409331949366,0.023227184653856092,0.050355911787351104,0.18182606344570618,0.18576505895110618
RandomSearch,68,1,0.0,0.0003260519553867729,-1.847052772848932,-1193.6592009359317,0.010854968189738301,152.29485010388197,0.4018382615927356,0.1177107193800917,0.05100839503737564,1.3863397881398831,0.33331087614529153,0.21354626933462573
RandomSearch,69,1,0.0,0.4464997616296664,-0.2294613224426234,1027.2034581967469,0.025565782421368838,341.5494641188924,0.09518409668234451,0.26040590875398406,-0.12768996147968892,1.079685623229492,0.4760060655191839,0.034847912817561166
RandomSearch,70,1,0.0,0.8199587440046374,1.8414394346961709,53.86201024272032,-0.044390925465258496,-266.1853012918296,-0.9908501312625182,0.003673496912412144,0.03104279958747913,0.006348604715370687,0.21927365367761198,0.19358067388472922
RandomSearch,71,1,0.0,0.00023136238505518474,-0.36602780772830235,-873.6743125329422,0.013744743553588679,-301.34828906304244,0.39349948311743965,0.2257595032019033,0.13370109503135907,1.3780010096645872,0.44135965996710314,0.29623896932860916
RandomSearch,72,1,0.0,0.15487482794392865,0.7122126172281242,-328.21017632075893,-0.01161056440311338,-294.6727823629902,-0.9671996999040493,0.4846231096631697,0.02930205070092473,0.017301826643098206,0.7002232664283695,0.19183992499817482
RandomSearch,73,1,0.0,0.9849363590431612,1.5950587553606472,633.6509617068937,-0.018094946864452066,-86.54437404561224,-1.0845509901776107,-0.12746959442035077,-0.27669177097103503,0.10004946363046319,0.08813056234484906,0.11415389667378495
RandomSearch,74,1,0.0,0.2242649149461846,1.4620503963486042,-883.424608774447,0.011456927990155297,-110.52747242050242,-0.9743629742660995,0.4764759143305435,0.031401307346118124,0.010138552281047986,0.6920760710957433,0.1939391816433682
RandomSearch,75,1,0.0,0.9478361253123099,1.5022319557820838,325.209424179661,-0.01882077950331327,-154.02010832895633,-1.0654146485941025,-0.06056141729606246,-0.28082152777193503,0.080913122046955,0.15503873946913738,0.11828365347468495
RandomSearch,76,1,0.0,0.0004138003899427323,-0.040498567061800106,-489.70996445799926,0.025895430226890864,203.41786305695405,-0.05735435715216841,0.4910609345037322,0.04411728715586616,0.9271471693949791,0.7066610912689321,0.20665516145311624
RandomSearch,77,1,0.0,0.8991397834587532,0.4774276095369929,-631.3701897353294,-0.0007562123237997015,179.5217155391257,-0.7277206323557786,-0.009772699005359264,-0.02838206284453637,0.25678089419136896,0.20582745775984057,0.1341558114527137
RandomSearch,78,1,0.0,0.9927194293738045,0.7277048205429617,-1162.7380899295986,-0.04123906802290879,-80.86908285798438,-1.0511927781848862,-0.11705426707460465,-0.05562601365225195,0.0666912516377387,0.09854588969059519,0.10691186064499814
RandomSearch,79,1,0.0,0.29609858485442275,2.213156438305651,-173.70744289949744,0.012354426981601864,45.05937691723568,-0.9755040507351045,0.4589086598973311,0.05054136142144472,0.008997475812043021,0.6745088166625309,0.2130792357186948
RandomSearch,80,1,0.0,0.3209068837167733,-1.5954883682693404,-53.82219516916507,-0.006836105181194742,-29.425944743141372,0.32379020542770576,-0.02695849214071977,0.0023438516550582378,1.3082917319748533,0.18864166462448007,0.16488172595230832
RandomSearch,81,1,0.0,0.0005774504989189578,2.5536161092427196,-481.57247614780795,0.04774548228309196,-19.58228207276653,-0.9788902756133089,0.6151689370130717,0.02925009382202859,0.00561125093383863,0.8307690937782716,0.19178796811927867
RandomSearch,82,1,0.0,0.6913077227002964,0.38857304242137936,509.6415850432404,-0.002289930107039116,-308.58069531752597,-0.6140806049689806,0.2700597302457921,-0.19384574965799217,0.37042092157816686,0.48565988701099194,0.03130787536074209
RandomSearch,83,1,0.0,0.0005716383720724004,0.8108977431114495,-991.965769273072,0.042932670015805516,-132.06203543148817,-0.939870162996125,0.624616608267551,0.035446320191336866,0.044631363551022485,0.8402167650327509,0.19798419448858695
RandomSearch,84,1,0.0,0.0005708236828436304,2.66866124092095,44.63340989771291,0.028131248530353065,4.483645310945576,-0.9166714856544975,0.5281073506925207,0.036301641678538665,0.06783004089264999,0.7437075074577205,0.19883951597578875
RandomSearch,85,1,0.0,0.530257025434337,-0.9466724087696414,1192.9792381596567,0.013437749201975047,-34.59578438822291,0.2059368590845656,-0.15205963778257203,-0.12384891746196303,1.1904383856317131,0.0635405189826278,0.03868895683528706
RandomSearch,86,0,1.0,0.0006496341989431603,2.7012380808602856,135.48259077138005,-0.009373547916637484,-210.9413916227488,-1.0323482397117822,0.5854679834231593,-0.21539614190786605,0.047846713164634735,0.8010681401883591,0.05285826761061596
RandomSearch,87,0,1.0,1.0,-0.3314566888766184,747.8238962481455,-0.033846837555375334,-25.97974945670302,-0.7003543351983734,-0.3118924653823385,-0.2533664591279772,0.2841471913487741,0.09629230861713867,0.09082858483072709
RandomSearch,88,1,0.0,0.0005740821990597129,1.213904121161773,-134.01687145692154,-0.010105821082324884,-324.0814163235208,-0.9860285560273474,0.5231680737209743,0.03286119057280956,0.001527029480199893,0.7387682304861741,0.19539906487005965
RandomSearch,89,0,1.0,0.0005684377947166761,2.078592487932214,-1022.5132053562231,-0.006725445461225457,-290.9905481246459,-0.9984732587546312,0.5735819493306571,0.038788005171730866,0.013971732207483711,0.7891821060958569,0.20132587946898095
RandomSearch,90,1,0.0,0.0002589070508386671,-0.4296287021012035,674.0583503823095,0.04250517181175281,-321.88667312747805,0.4034245271028496,0.3632539480407351,-0.060448012671050044,1.387926053649997,0.5788541048059349,0.10208986162620004
RandomSearch,91,1,0.0,0.9603925548244097,-0.4941320389416113,452.65052104987467,-0.012816086634094594,341.03671087252246,-0.5334473249238192,-0.29561614890748156,-0.161788711148386,0.4510542016233283,0.08001599214228172,0.0007491631488640849
RandomSearch,92,1,0.0,0.00028547286568181334,-1.2894017136506157,-869.0797244247003,0.022809712630217277,135.9668315920349,0.562155243550702,0.238196191904251,0.047684425406035125,1.5466567700978495,0.45379634866945084,0.2102222997032852
RandomSearch,93,0,2.0,0.8758994017334824,2.68411892986302,-1021.8480201445916,-0.04834621271490189,-260.1801988500823,-1.0579217838662318,-0.06600960508221787,0.019240420690818105,0.0734202573190843,0.14959055168298196,0.1817782949880682
RandomSearch,94,0,1.0,0.23347469908766486,2.6100337632105512,-158.53106932893888,-0.007099109407104995,-161.1377610792001,-1.047289711549848,0.4752710613225646,0.0266183097118331,0.06278818500270056,0.6908712180877644,0.18915618400908318
RandomSearch,95,1,0.0,2.432121952995565e-07,-1.0268109614402126,-919.563228283047,0.025333995474152313,-319.9297195069453,1.0451584649366161,0.48921340306853756,0.06864361369685401,2.0296599914837636,0.7048135598337374,0.2311814879941041
RandomSearch,96,1,0.0,0.7539451395563944,1.7061663306356758,1.9414347575395823,-0.031937433988597386,-189.64803757753506,-1.0069915076621845,0.16061879729256612,-0.006118252362269594,0.022489981115036972,0.37621895405776595,0.1564196219349805
RandomSearch,97,1,0.0,0.0004525197653053765,-1.7822397819220068,821.3028697594439,0.009700327863466952,164.71586572870058,0.5095851192948153,-0.1613327993658089,-0.12398217761177577,1.4940866458419628,0.054267357399390925,0.03855569668547432
RandomSearch,98,1,0.0,0.0005573595706135738,0.6942345008280015,-1056.035787436145,0.021066843976687857,272.394120191518,-0.7298538141310322,0.5169743792454593,0.04997596485708922,0.2546477124161153,0.7325745360106591,0.2125138391543393
RandomSearch,99,1,0.0,0.0003329106174074138,-0.6784465286601942,-263.9344954947237,0.049141958449877274,82.11909607790136,0.13248286006892318,0.5226807002432983,0.05206315877495005,1.1169843866160707,0.7382808570084981,0.21460103307220013
RandomSearch,100,1,0.0,0.4929958574320734,-1.3476750564559934,-782.9498780829076,-0.024237951655624115,299.4768857310511,0.22045152004903112,-0.2999028231041956,-0.024466768733769406,1.2049530465961786,0.08430266633899575,0.13807110556348068
RandomSearch,101,0,1.0,0.26053173176782124,2.0429989165845557,-1159.7043608599122,0.006213567521417204,-209.93416126421178,-0.9514378041544407,0.46818124905965286,0.04910270403366379,0.03306372239270683,0.6837814058248527,0.21164057833091388
RandomSearch,102,1,0.0,0.9407281461669723,-0.7509141580142413,65.1964997437135,-0.03072436695623363,130.47629223784338,-0.66114101853685,-0.34820146748245473,-0.02564631877919421,0.3233605080102975,0.1326013107172549,0.13689155551805587
RandomSearch,103,1,0.0,0.6876202894851176,-1.8100522595616657,-1123.6048888679354,-0.021070041457057632,-285.3536020819097,-0.16257855579919678,-0.08043859046920021,0.03244852882474092,0.8219229707479507,0.13516156629599962,0.194986403121991
RandomSearch,104,1,0.0,0.9850932053171038,2.2733313389823167,645.7337760367466,0.00600721467864479,164.15566853723897,-0.9789818944371098,-0.09049682733755704,-0.14869031097678231,0.005519632110037698,0.1251033294276428,0.01384756332046777
RandomSearch,105,1,0.0,0.00037253505570798186,-1.9509603534685642,-625.519206871594,0.0018410738948377303,213.10985074483892,0.4536844088797709,0.03255303364435447,0.014390545577615654,1.4381859354269184,0.2481531904095543,0.17692841987486574
RandomSearch,106,1,0.0,0.971805807571627,0.9536059574781253,-405.0563006932306,-0.024977408839953166,251.63916479451154,-1.056777928459589,-0.1136700430716604,-0.03748488483972423,0.07227640191244156,0.10193011369353944,0.12505298945752585
RandomSearch,107,0,1.0,1.0,0.7823523461922934,848.8129080217236,-0.03966482837326512,211.9457940808103,-1.0231017935414255,-0.1402430383470774,-0.1568950412615555,0.03860026699427799,0.07535711841812243,0.005642833035694572
RandomSearch,108,1,0.0,0.0003268543304053678,-1.6522584259588946,-358.15931932062017,-0.009895619102959753,-304.72468867946344,0.5062990201243762,0.13815415994353497,0.03823007756143415,1.4908005466715237,0.3537543167087348,0.20076795185868423
RandomSearch,109,0,1.0,0.974865131684233,2.6465205246787855,-202.89167069541816,-0.04353249013141867,133.63076103950675,-1.1133436270079309,-0.12087569186201241,-0.039234988881403865,0.12884210046078337,0.09472446490318742,0.12330288541584622
RandomSearch,110,1,0.0,0.5537507969754939,-0.32655433194324446,238.49500086161083,0.016652450105560185,329.57140875411824,0.18274653704545862,-0.16252599645290333,-0.12304340970367722,1.1672480635926061,0.0530741603122965,0.039494464593572864
RandomSearch,111,1,0.0,0.11537965431515028,0.8773159120788341,342.34856435600295,0.04599493859906455,-123.69753147691026,-0.9617220128784969,0.4876168853598948,-0.2559610149157452,0.02277951366865061,0.7032170421250946,0.0934231406184951
RandomSearch,112,1,0.0,0.6410524411058044,-0.33807215523965795,507.6974503623683,0.014413037387287803,-119.73285697674518,0.07394301475003395,-0.10147148147001284,-0.13992589809131228,1.0584445412971815,0.114128675295187,0.0226119762059378
RandomSearch,113,1,0.0,0.29607138024199153,2.672006834249652,1146.4201261663275,0.04946146226544222,137.8978219527565,-0.9695656124177847,0.4695292216069409,-0.12911451174813404,0.014935914129362793,0.6851293783721407,0.03342336254911604
RandomSearch,114,1,0.0,0.9874789807428254,2.1539649349436303,961.5484781951741,0.009960334712882449,283.58981118892234,-0.9436790049390882,-0.09446836950996129,-0.13327008669766105,0.040822521608059326,0.12113178725523854,0.029267787599589035
RandomSearch,115,1,0.0,0.0005557558586594435,0.7556203257334428,-420.5588733296697,0.0019528235860506102,-237.22552827457827,-0.8642811083420763,0.5383215865707771,0.051547621755063666,0.12022041820507123,0.753921743335977,0.21408549605231375
RandomSearch,116,0,1.0,0.8067626919435067,2.8609713496861664,-813.2603720239813,-0.016707398016750807,-262.45616332568056,-1.033342152251977,0.04385808912903144,0.021924933417530212,0.0488406257048295,0.2594582458942313,0.1844628077147803
RandomSearch,117,1,0.0,0.40591210461750876,2.1465612970381533,584.8680215781308,0.034542016225208846,296.17726313938545,-0.9488918595242368,0.4415747242291319,-0.13013229927611647,0.035609667022910685,0.6571748809943317,0.032405575021133615
RandomSearch,118,1,0.0,0.9878917689710132,1.9127968540982478,242.18022940783544,0.019693567960983857,244.992003755155,-0.9365033152238089,-0.09515730670238254,-0.1288001722235501,0.04799821132333859,0.1204428500628173,0.03373770207369997
RandomSearch,119,1,0.0,0.33544685078756287,-1.2040481158733662,-647.7607974438689,0.007941197636028886,-17.578674119029245,0.26811276148876306,0.11939908917983022,0.03895222442119728,1.2526142880359106,0.33499924594503006,0.20149009871844736
RandomSearch,120,0,2.0,0.8610361964818385,2.6696012800892364,-406.04389307533336,-0.043118778281185446,-150.39016641028587,-1.1158513026535553,-0.029367411077919847,0.01450744142827265,0.13134977610640775,0.18623274568728,0.17704531572552273
RandomSearch,121,1,0.0,0.9334297076489492,-1.1084834110229425,-180.5598601502105,-0.039410421958670616,85.45815470744657,-0.5508408784133194,-0.15995878882214365,-0.03071576126290143,0.4336606481338281,0.055641367943056186,0.13182211303434865
RandomSearch,122,1,0.0,0.14915175130551753,-0.06109339149462212,-651.0789750196143,0.038748135432341346,341.86600243305486,0.11090126557808766,0.47265679353731915,0.04346516683103463,1.0954027921252352,0.688256950302519,0.20600304112828471
RandomSearch,123,1,0.0,0.363125725435861,1.426471900069798,-943.4681116531152,0.002624757387901369,139.87087483887967,-1.0488120592455532,0.44178093886381253,0.024222046076670445,0.0643105326984057,0.6573810956290124,0.18675992037392053
RandomSearch,124,1,0.0,0.9546368734960108,0.33952331236279765,-795.3550046021634,-0.015304444246808692,276.5903511800551,-0.7431782870086452,-0.09286290056925761,-0.03286353302047118,0.24132323953850232,0.12273725619594222,0.1296743412767789
RandomSearch,125,1,0.0,0.00028289642696777075,-1.7949477334049018,-1075.984962117053,0.019759336401460673,230.2940236234773,0.5900666979621931,0.2322027087990679,0.05708535841887041,1.5745682245093406,0.44780286556426774,0.2196232327161205
RandomSearch,126,1,0.0,0.9714652824266785,1.0851896153852159,962.4856813254214,0.0013747002001604156,105.16265346746627,-1.030852162163257,-0.06814523596400512,-0.15553422679741402,0.046350635616109415,0.1474549208011947,0.007003647499836063
RandomSearch,127,0,1.0,0.9909249637378943,0.15719069523375095,700.0807931361926,-0.04648407331478034,-75.9596744966193,-0.8280358236733236,-0.3020425467955259,-0.2711328547929357,0.1564657028738239,0.08644239003032606,0.10859498049568561
RandomSearch,128,1,0.0,0.6891861516451082,-0.1894299078387467,-938.1997598918842,-0.0022030373803511374,171.28530368491704,-0.11345880369025352,-0.07197839538017359,0.00469699572337845,0.871042722856894,0.14362176138502625,0.16723487002062853
RandomSearch,129,0,1.0,0.4455052026986519,-1.2577548329589048,1186.970740440293,-0.029999771591111293,280.3637291886894,0.26912510433382053,-0.3509471273335103,-0.1611005502058349,1.253626630880968,0.13534697056831047,0.0014373240914151708
RandomSearch,130,1,0.0,0.7973752209289396,-1.9034921419183042,24.792114996510236,-0.043848481286927005,-144.05848929826098,-0.3784251781269101,-0.15026631460804118,0.029382187202298127,0.6060763484202374,0.06533384215715865,0.1919200614995482
RandomSearch,131,1,0.0,0.4361937371418603,2.028151702526971,262.96179833671295,0.03905600048286538,-8.088698326249187,-0.9892693986417287,0.43089655550967443,-0.2415801634011201,0.0047678720945811826,0.6464967122748743,0.07904228910387001
RandomSearch,132,1,0.0,0.0003528555697816753,-1.4556127159520165,-1015.7030764671794,0.0028881134987434193,292.9618991576896,0.4259823407480461,0.09780561922155684,0.014143246431711276,1.4104838672951936,0.3134057759867567,0.17668112072896136
RandomSearch,133,0,2.0,0.9377710966689171,2.927767238360871,603.725427499827,-0.04301698969529491,-227.8401489943937,-1.0663135398900576,-0.015292081642835686,-0.18172880317708096,0.0818120133429101,0.20030807512236415,0.01919092887983087
RandomSearch,134,1,0.0,0.34853830315285067,1.1639709753334522,212.1911023743105,0.041047424972862165,-12.39374113660375,-0.9714867003521728,0.4581501163216286,-0.2414681311264646,0.013014826194974738,0.6737502730868284,0.0789302568292145
RandomSearch,135,1,0.0,0.000286692132914935,-0.6178031050632646,-911.928974778443,0.025200141618964333,284.66503791084256,0.2195519458037083,0.515212725258059,0.05127555471856393,1.2040534723508558,0.7308128820232588,0.21381342901581402
RandomSearch,136,1,0.0,0.3260031121721165,1.6426285041423156,-812.9908779374093,0.011718889320863304,279.48146197209974,-0.9457730016614581,0.44994981463859984,0.048420931879764595,0.03872852488568945,0.6655499714037997,0.21095880617701468
RandomSearch,137,1,0.0,0.9696989570124788,0.3905873576184584,-1106.1982125836655,-0.02285092328970516,110.79581660182964,-0.8728950294612194,-0.12191838517999232,-0.03463789423654262,0.11160649708592807,0.09368177158520752,0.12789998006070746
RandomSearch,138,1,0.0,2.413693109501428e-07,-1.3713534804842542,-360.15591568208254,0.04800509979812155,-258.77162726427025,1.0715247294113315,0.5136552681216129,0.07224616635514991,2.056026255958479,0.7292554248868127,0.2347840406524
RandomSearch,139,1,0.0,0.9871364969581785,0.18196477594592242,357.3884270793517,-0.028773981106653936,216.72340410500908,-0.7243591176684521,-0.3373031456790332,-0.16464643786396493,0.26014240887869544,0.12170298891383335,0.0021085635667148495
RandomSearch,140,1,0.0,0.4526218231262384,-1.1385591018571766,235.99413127086405,-0.04624646434993965,349.7809988915485,0.2643544264833455,-0.3479761053681627,-0.16531880535648558,1.248855953030493,0.13237594860296287,0.002780931059235492
RandomSearch,141,1,0.0,0.42009700490841234,0.6355411861886746,-626.7290675807282,-0.036472804859991506,-321.55985535157714,-0.9571180379716924,0.41818802411472555,0.022826424769604614,0.02738348857545514,0.6337881808799254,0.1853642990668547
RandomSearch,142,0,1.0,0.8881629000550872,-0.6657204267547594,821.6163541598678,-0.02515714672181535,307.63860888738463,-0.3971910360021398,-0.3473363963744436,-0.1620912120600737,0.5873104905450077,0.13173623960924374,0.0004466622371763762
RandomSearch,143,0,1.0,0.9274373655591365,2.9618531772976295,177.85716655749866,-0.03832563883777408,-111.6061462450478,-1.1125059251436555,-0.0827137203280075,-0.31071745888772284,0.12800439859650803,0.13288643643719233,0.14817958459047276
RandomSearch,144,1,0.0,0.26301955140258876,1.5195906896469626,-304.4587650530642,0.015029103248110465,133.24430958448409,-0.9717161446883211,0.46750742377939236,0.05008667967992242,0.012785381858826383,0.6831075805445922,0.2126245539771725
RandomSearch,145,1,0.0,0.327990116948544,-1.1534451973406656,-493.84326184740814,0.015624550842835011,7.720658928204273,0.2793064895335329,0.07292842806251487,0.05548079576909526,1.2638080160806804,0.2885285848277147,0.21801867006634534
RandomSearch,146,1,0.0,0.0004941099615285437,0.529790339967839,-910.3074640548998,0.04032409817018344,-329.5578223212345,-0.36428226682565024,0.607294349986021,0.05277246098852473,0.6202192597214973,0.8228945067512209,0.2153103352857748
RandomSearch,147,1,0.0,0.0005773960989623473,1.7557362789389166,-499.68325864186795,0.02702161314948133,-130.68039807699105,-0.973565476298567,0.6301991933293207,0.029308859910952556,0.010936050248580464,0.8457993500945206,0.19184673420820264
RandomSearch,148,1,0.0,0.295935135586796,2.020915702509628,285.675188179958,0.04626169555221586,150.7706634176419,-0.9684906747645057,0.46955447967982167,-0.12938615728150094,0.016010851782641833,0.6851546364450215,0.03315171701574915
RandomSearch,149,1,0.0,0.0005594857483450873,2.4863144260735828,-354.4086205357369,0.020208131995763906,130.9409633749966,-0.9743428962209566,0.530122300934873,0.04787375565371921,0.01015863032619091,0.7457224577000728,0.2104116299509693
RandomSearch,150,1,0.0,0.0004525197653053765,-0.9675584258429086,635.8125668524438,0.004354528239758258,291.9287776150194,0.950328238636156,-0.15585858073853798,-0.1369566134193656,1.9348297651833035,0.05974157602666186,0.025581260877884482
RandomSearch,151,1,0.0,0.984564723778477,0.5531944072898338,885.1685070042668,-0.019018190948014414,-103.26866361209233,-1.0134211116718221,-0.12376753370427318,-0.27703380803661304,0.02891958512467463,0.09183262306092665,0.11449593373936295
RandomSearch,152,1,0.0,0.7032140224405563,0.7812231508080427,-1029.8061587317573,-0.0062790010023379556,274.2868113940606,-0.7566718659996607,0.2417190705633656,-0.03066135961492833,0.22782966054748677,0.45731922732856545,0.13187651468232175
RandomSearch,153,1,0.0,0.0006496341989431603,1.2904799727258842,1044.197891840287,0.0420957721271417,-277.4924399350032,-0.8752501900198721,0.5939110559715615,-0.12682641966328045,0.10925133652727537,0.8095112127367613,0.03571145463396963
RandomSearch,154,1,0.0,0.6518716674372884,-0.7149378263575055,572.5654448293776,-0.005425752063735037,204.32402904848288,0.06667420538807267,-0.30173418364853766,-0.1464707884921177,1.0511757319352202,0.08613402688333782,0.016067085805132386
RandomSearch,155,1,0.0,0.9868272288765243,0.3991646741639965,-732.4202631003135,-0.021488137530515497,41.089501585950245,-0.8755993549638919,-0.11870372656263672,-0.05012954904291167,0.10890217158325566,0.09689643020256311,0.11240832525433841
RandomSearch,156,1,0.0,0.36371377603050453,2.443397705821085,-1146.436553688344,0.0010132500723413554,40.51982287928092,-1.0486560425439104,0.4485314271634886,-0.015899844446926714,0.06415451599676292,0.6641315839286884,0.14663802985032337
RandomSearch,157,1,0.0,0.8396324090066435,2.566521338523124,-1073.1004596950952,-0.009913568076645438,147.76197058032363,-1.0768178045618932,0.08557923080817131,-0.03401264193657649,0.09231627801474573,0.30117938757337115,0.1285252323606736
RandomSearch,158,1,0.0,0.8641219668616642,-0.9831967579529637,394.0894407767555,-0.02441273304371886,20.88245038460815,-0.3422452916902512,-0.3405220402111613,-0.2671555056247916,0.6422562348568963,0.12492188344596145,0.10461763132754154
RandomSearch,159,1,0.0,0.0005901147314809912,0.7538475006316605,-944.9744574101089,0.0045312022808364355,-4.055742455357404,-0.8861365418763301,0.493669191869369,0.015165902626315564,0.09836498467081745,0.7092693486345688,0.17770377692356565
RandomSearch,160,1,0.0,0.0002947271147650843,-0.9289912087828927,-1166.3145695860205,0.028587038500619708,-30.890861514867993,0.21027072118633772,0.5203973704548814,0.04669074093399672,1.1947722477334852,0.7359975272200813,0.2092286152312468
RandomSearch,161,1,0.0,0.8541565271527565,0.4673835108200004,-309.63124874045764,-0.013630447234293679,47.36869273171209,-0.8640421293248086,0.08781726779167753,-0.050935048274417305,0.1204593972223389,0.30341742455687737,0.11160282602283278
RandomSearch,162,1,0.0,0.2649027428043347,0.7696776657446041,-343.78425995369525,0.008132080127790556,-98.14123517461556,-0.8670210169227213,0.47002232644902975,0.019205963318788655,0.11748050962442624,0.6856224832142296,0.18174383761603874
RandomSearch,163,1,0.0,0.9143462491323622,0.20990179031555822,-333.9877265142701,-0.04749246941480885,-303.05097028502297,-0.774074572530679,-0.08271067218663486,-0.0035138415207329743,0.2104269540164685,0.13288948457856498,0.1590240327765171
RandomSearch,164,0,1.0,0.9777313546353051,2.5535525525424303,-62.04315054733797,-0.03606711463485314,93.77288384271503,-1.1070719632851325,-0.11728143231477928,-0.04181344750017146,0.12257043673798496,0.09831872445042056,0.12072442679707862
RandomSearch,165,1,0.0,0.8364764093744272,2.2024833762354943,-353.88094752804477,-0.008158375401623383,291.6674448125714,-1.0533370226571859,0.08895003154065506,-0.03333497867462665,0.06883549611003836,0.3045501883058549,0.12920289562262344
RandomSearch,166,1,0.0,0.6899230826813116,2.6358206816939838,783.4186866210437,-0.004163307563322539,-103.81905716955285,-1.0597693901131717,0.269296013416068,-0.2743893990676449,0.07526786356602422,0.48489617018126785,0.11185152477039484
RandomSearch,167,1,0.0,0.8823525564272925,-1.6978743430768388,518.2551730734608,-0.03023956148441419,182.377726459212,-0.38241016004123285,-0.34660777610208027,-0.16128789161287926,0.6020913665059147,0.13100761933688043,0.0012499826843708206
RandomSearch,168,1,0.0,0.417473257905489,2.3007209201649648,-8.43702736736418,0.010648650587227318,90.86391932241207,-0.9423576404974612,0.4165971018205279,0.0317450034439517,0.04214388604968633,0.6321972585857277,0.1942828777412018
RandomSearch,169,1,0.0,0.9259971476155917,-0.6869863317425744,-469.19846317407405,-0.018872973589365228,99.8591803090743,-0.6899744271633788,-0.2956476749893835,0.0017309026141001382,0.29452709938376875,0.08004751822418366,0.16426877691135022
RandomSearch,170,0,1.0,0.6227597372004224,2.2662779579119725,588.6928552388131,0.011645458300264436,-288.1896596157131,-0.8803092657285712,0.3278571272899464,-0.05753049423437506,0.10419226081857635,0.5434572840551463,0.10500738006287502
RandomSearch,171,1,0.0,0.5283710566037134,-0.12781601998731174,-118.98516989036398,0.018868073284837167,223.41824485078143,-0.053207803076235294,0.10799506211892584,0.055082970116796304,0.9312937234709122,0.3235952188841257,0.2176208444140464
RandomSearch,172,1,0.0,0.7704941474286113,0.3604430922431314,740.4283235739865,-0.00421483047203227,-177.14445322720428,-0.7194721761832059,0.19942563676378766,-0.21699264509194816,0.2650293503639416,0.4150257935289875,0.05445477079469807
RandomSearch,173,1,0.0,0.34680981325368687,-1.5059837974688972,-484.71180281116983,-0.0038681337220561676,168.34430892242108,0.31100137417484763,-0.061270303357377376,0.007966338955980312,1.2955029007219951,0.15432985340782246,0.1705042132532304
RandomSearch,174,1,0.0,0.9880766039777327,2.3532615465925515,-200.43756515369387,-0.019123530292794268,17.11794138103079,-1.0896931116966604,-0.1088778496542604,-0.05494743038844607,0.10519158514951288,0.10672230711093944,0.10759044390880401
RandomSearch,175,1,0.0,0.000314284221513615,-0.12779255188812666,-613.2714406066593,0.024868999300482003,-170.600891727709,0.16890046552290983,0.523011115906042,0.052979995284548664,1.1534019920700573,0.7386112726712418,0.21551786958179875
RandomSearch,176,1,0.0,1.0,1.6397597976818048,362.2638352599456,-0.01827552965564299,211.08863737203137,-1.064623300835493,-0.13889043634563825,-0.1705386234097821,0.08012177428834555,0.07670972041956159,0.008000749112532013
RandomSearch,177,1,0.0,0.49390062427466447,-0.4048544662810336,809.3284936911882,0.015792018700790958,-284.3004386752483,0.22906182053708246,-0.09723297649330798,-0.05205298568484995,1.21356334708423,0.11836718027189186,0.11048488861240013
RandomSearch,178,1,0.0,0.20447981509856605,0.3030794272718498,-735.5706980484919,-0.002009315344520715,-311.39267917827993,0.15837105732049306,0.44138058767576105,0.040694302977052565,1.1428725838676406,0.6569807444409609,0.20323217727430265
RandomSearch,179,1,0.0,0.0002984156378910684,-1.5789880345192095,85.32410961857863,0.021227072388093612,-233.90763203599715,0.8415852476424224,0.2993862418493247,-0.05717650083537418,1.8260867741895699,0.5149863986145246,0.1053613734618759
RandomSearch,180,1,0.0,0.3649957239674313,0.7703832474153605,506.3565486792038,0.03385502466372167,-42.620848775675654,-0.9326008772353362,0.45386088769658084,-0.23871341114789946,0.051900649311811264,0.6694610444617807,0.07617553685064937
RandomSearch,181,1,0.0,0.3714033375082791,2.9574591852797187,1150.118163118003,0.03182483549548741,-105.81290501190105,-0.9780254028582669,0.4520922215529697,-0.20098295224529306,0.0064761236888806195,0.6676923783181695,0.03844507794804297
RandomSearch,182,1,0.0,0.00012206676770741501,-1.1530787096272748,-720.2350719314176,0.041648362619280524,-312.4985603359049,1.1322123805336215,0.4641123953316746,0.064041402217768,2.116713907080769,0.6797125520968744,0.22657927651501808
RandomSearch,183,0,1.0,0.9780774985033286,0.10145851294598396,811.1863278422156,-0.02842396024795755,-262.42566504867,-0.625597788495365,-0.08730123033667558,-0.17701590334637363,0.35890373805178255,0.12829892642852425,0.014478029049123542
RandomSearch,184,1,0.0,0.37443114006177314,-0.773164058359324,498.9707235192295,0.0124818175292193,-286.8764261331898,0.31291580718407275,-0.09053064310311898,-0.04529299582129109,1.2974173337312203,0.12506951366208086,0.11724487847595899
RandomSearch,185,1,0.0,0.0004525197653053765,-1.2419504300019923,215.2086587902379,0.004295821693618682,155.70603332713904,0.4670795232707876,-0.14837318984695536,-0.14140845696479065,1.4515810498179351,0.06722696691824448,0.021129417332459433
RandomSearch,186,1,0.0,0.0002448332289517801,-0.850403605098851,84.98153577372955,0.03244794965461045,323.2098165272072,0.9843605611334372,0.3822705436100451,-0.13428813079276924,1.9688620876805847,0.5978707003752449,0.02824974350448084
RandomSearch,187,0,1.0,0.984201828046397,1.7889196069938293,902.8492427689357,-0.029704863810316496,-9.636317912715697,-1.1010191185388924,-0.1326718272497911,-0.27736747209024504,0.11651759199174494,0.08292832951540874,0.11482959779299495
RandomSearch,188,0,1.0,0.9833784015725747,2.872590776068834,277.1393590986952,-0.034933799044186725,-80.83353051841249,-1.103605976500316,-0.12726459618011443,-0.27812336404521876,0.1191044499531686,0.0883355605850854,0.11558548974796867
RandomSearch,189,0,1.0,0.943376872623963,-1.0597044873457189,783.6625018968109,-0.034600566813973326,-43.23364460753487,-0.5153556680022926,-0.3333458567874159,-0.25173403664195604,0.4691458585448549,0.11774570002221607,0.08919616234470595
RandomSearch,190,1,0.0,0.00021523664708993282,0.43776466522480373,6.647989820202611,0.03361660769432402,-318.07158459916246,0.30330821139100284,0.671937343064902,0.07257546822281657,1.2878097379381503,0.8875374998301019,0.23511334252006666
RandomSearch,191,1,0.0,0.07767171307970035,-1.0756252992906505,-718.4145103958888,-0.005106269385604559,290.7927119984305,0.39172829757225625,-0.010854832124393088,0.008514000826938428,1.3762298241194038,0.20474532464080675,0.1710518751241885
RandomSearch,192,1,0.0,0.9727292610564909,1.6458444242749541,-134.2430687353592,-0.01629505403884566,215.75659858535766,-1.084707688246179,-0.11465234598309237,-0.03780857964669693,0.10020616169903152,0.10094781078210746,0.12472929465055316
RandomSearch,193,1,0.0,0.0006496341989431603,1.226011317826241,489.39335647314215,0.039281096737620064,-313.60271746379533,-0.8380935840435102,0.5743441277791712,-0.13211034628134755,0.1464079425036373,0.789944284544371,0.03042752801590254
RandomSearch,194,0,1.0,0.5718691989739959,2.0493787095920535,1170.6066398869066,-0.00012085292676383697,-297.4101854552757,-0.9803815948370387,0.3641987931585322,-0.1753593145853003,0.004119931710108826,0.579798949923732,0.012821440288050212
RandomSearch,195,0,1.0,0.8818779709114974,-1.5185618496143727,981.1591969898659,-0.03209961470430246,190.4558999357605,-0.3814791314800172,-0.3467563765716515,-0.16130158842844278,0.6030223950671303,0.13115621980645165,0.0012362858688073075
RandomSearch,196,1,0.0,0.7340554032935726,1.7813472795691023,-229.2643372689048,-0.027216671208345436,-267.7501766511633,-1.0186393903741142,0.14757755339595136,0.0222457013739481,0.03413786382696671,0.3631777101611512,0.18478357567119819
RandomSearch,197,1,0.0,0.409482562758956,-0.5651573504438216,326.48358330073165,0.03301775409346068,-12.20357772837599,0.14675378073465506,0.27048843057966554,-0.1935574557690094,1.1312553072818026,0.4860885873448654,0.031019581471759317
RandomSearch,198,1,0.0,0.0004518652305807414,-1.4071708513285497,773.8579006958446,0.0002841342712980102,-39.03517633606219,0.4649512051777611,-0.12039653262446848,-0.26392169684344235,1.4494527317249086,0.09520362414073136,0.10138382254619227
RandomSearch,199,1,0.0,0.37958463819219734,1.7013345998274687,-1109.9038840953249,-0.031901862198333825,-326.5799650474157,-1.0206329902078477,0.43554718923475955,0.0239698426298256,0.03613146366070019,0.6511473459999594,0.18650771692707568
RandomSearch,200,1,0.0,0.8465931191781323,-0.7272621113445037,-83.08009976400558,-0.031516869901648675,-325.4262327871433,-0.56659342966655,-0.08491406339425156,0.031077884123590138,0.4179080968805975,0.13068609337094828,0.19361575842084022
RandomSearch,201,1,0.0,0.00029068384192992787,-1.602018779661425,-351.30437743821994,-0.005756873293488063,-225.98249643710605,0.4495896976569771,0.23913043292459513,0.03648754288624634,1.4340912242041246,0.45473058968979496,0.19902541718349642
RandomSearch,202,1,0.0,0.9855032808057933,0.445137242095238,325.5320209555557,-0.015458403730839697,14.710472519494544,-0.8595232199678238,-0.1272188025069032,-0.27616934238447666,0.12497830657932374,0.08838135425829663,0.11363146808722657
RandomSearch,203,1,0.0,0.6385231404557181,-1.054298482806435,-323.64399327060255,-0.01192846195863314,121.9056398369471,-0.06407999989088076,-0.010241425871725163,0.002521676088968583,0.9204215266562668,0.20535873089347467,0.16505955038621867
RandomSearch,204,1,0.0,0.0005421987547319468,1.8863406092384274,-433.99141759693543,0.017219403761353766,-174.40839847913367,-0.9316663812902037,0.5308411113438032,0.06436163871371559,0.05283514525694377,0.746441268109003,0.22689951301096567
RandomSearch,205,0,1.0,0.0005556925015154176,2.3967202717743668,-895.8664633444301,0.009794258454686497,-186.11553082395997,-0.9534683738697973,0.502610199061333,0.0516094666494773,0.031033152677350184,0.7182103558265328,0.21414734094672738
RandomSearch,206,1,0.0,0.9690325169034801,-0.3975914083761072,-284.71801722300177,-0.030965285226897378,17.045670839222566,-0.7268256222943998,-0.2892657828274916,-0.03404956418562133,0.25767590425274767,0.07366562606229177,0.12848831011162876
RandomSearch,207,0,3.0,0.9380082943793345,2.485818634517014,1138.5048611346915,-0.039515733601252205,-293.0125729904092,-1.055221715220287,-0.015652320435258993,-0.18068485191117034,0.07072018867313945,0.19994783632994084,0.018146977613920257
RandomSearch,208,1,0.0,0.8433605256065826,-0.07223197703558837,1080.6739708761193,0.022688869880904322,-104.51341924601772,-0.30518521744224625,-0.07458770456924135,-0.20342921999846464,0.6793163091049013,0.14101245219595848,0.040891345701214554
RandomSearch,209,1,0.0,0.9925008587578943,2.7758394737262693,929.6004361548794,-0.009750544821686101,314.6762145394857,-1.0276862930642614,-0.10288551854616923,-0.15486614280502753,0.04318476651711389,0.1127146382190306,0.0076717314922225555
RandomSearch,210,1,0.0,0.4177574958777971,2.071677940961723,483.54027580780235,0.026555002692552523,305.5014716602185,-0.948625775787332,0.43756405708717727,-0.13281121232353144,0.03587575075981553,0.6531642138523771,0.02972666197371865
RandomSearch,211,1,0.0,0.9926336937906837,1.6030880870370692,403.83223662673913,-0.0037172495360634356,321.59871235427886,-1.0161267806691616,-0.10310922063980765,-0.16880231188727546,0.03162525412201411,0.11249093612539218,0.0062644375900253735
RandomSearch,212,0,1.0,0.9702393745292986,-0.629333868959856,896.5938200032051,-0.026155576025197448,-189.0329500678709,-0.5592410779400772,-0.1282682217706359,-0.1111554178192895,0.42526044860707035,0.08733193499456393,0.05138245647796058
RandomSearch,213,1,0.0,0.3177968359193385,-0.8704308787118635,952.8445493952449,0.02331616659908317,-170.99827960175895,0.2682886199517256,0.2712119491506231,-0.07808907943196264,1.252790146498873,0.4868121059158229,0.08444879486528745
RandomSearch,214,1,0.0,0.4484363765634356,-1.1955948165763317,485.93643373968166,-0.03576933341464779,292.3043680887172,0.2669464998459228,-0.3507911712551792,-0.16210364621158835,1.2514480263930703,0.1351910144899794,0.00043422808566173643
RandomSearch,215,1,0.0,0.868482903156786,-1.3793857625336736,405.03411862581834,-0.02862113743230911,100.70636266571,-0.34971492414633376,-0.34635296293170414,-0.16407902509689887,0.6347866024008137,0.1307528061665043,0.0015411507996487828
RandomSearch,216,1,0.0,0.9876584642112152,2.582710781237741,805.4166174911395,0.011489011505296319,-3.5948630356555213,-0.9700513939704822,-0.09476786013276417,-0.25323620256978163,0.014450132576665276,0.12083229663243567,0.09069832827253155
RandomSearch,217,1,0.0,0.687761766869725,0.141044417971099,488.7715168095292,0.02625894854151152,107.16139593820219,-0.5922092813683699,0.26818884403725907,-0.12831124487968903,0.3922922451787776,0.4837890008024589,0.03422662941756105
RandomSearch,218,1,0.0,0.8724275529029135,0.3830487990577547,574.9816267233878,-0.015261137197434604,-168.4657863784955,-0.846116821920655,0.07774121432233772,-0.2613253687094499,0.13838470462649255,0.29334137108753755,0.0987874944121998
RandomSearch,219,1,0.0,0.00012310856892683265,-1.755142620646284,-727.8647039650416,0.04706183527531187,93.24012263737677,0.664204696422674,0.464505598413548,0.05682721116698364,1.6487062229698215,0.6801057551787478,0.21936508546423372
RandomSearch,220,0,1.0,0.9781302829911188,-0.12444823795359206,1093.0684723262143,-0.04319477238126144,-124.33326505605848,-0.7338622305367859,-0.2406913031207476,-0.28290183484785203,0.2506392960103616,0.025091146355547767,0.12036396055060194
RandomSearch,221,1,0.0,0.0003872744616191267,0.09677632922422363,-611.3449377764817,0.031379766811118884,-164.8167421897424,-0.00658414895539039,0.5528145614608113,0.056075799365086,0.9779173775917571,0.7684147182260112,0.21861367366233608
RandomSearch,222,1,0.0,0.7864659447503318,0.4330653719501081,1127.2506794104993,-0.0008641022381878777,-184.11223455314735,-0.7014778115624316,0.18215526128295378,-0.21884038043304788,0.2830237149847159,0.3977554180481536,0.05630250613579779
RandomSearch,223,1,0.0,0.5226296002305346,0.978469475720706,858.8119978797363,-0.014441069484618742,-297.1282259298166,-1.0021320650499765,0.3922101891753069,-0.17977859981357014,0.01763053850282903,0.6078103459405068,0.017240725516320055
RandomSearch,224,0,1.0,0.9619263880200349,0.10520783493218788,729.7714378878882,-0.03459184197553866,-137.64750077974466,-0.7442806318156938,-0.1796306918551107,-0.29723316712579173,0.2402208947314537,0.03596946491008912,0.13469529282854165
RandomSearch,225,1,0.0,0.00028574524597286996,-1.0140808990366454,966.9334489490657,0.03370772491725359,-253.84381349959028,0.8179412073574586,0.3239016129031653,-0.06371150983846618,1.802442733904606,0.5395017696683652,0.0988263644587839
RandomSearch,226,1,0.0,0.00010521781344944704,-1.3682421589196423,-647.0592374129292,0.02637483554718366,-289.0949454397344,1.0044775710365812,0.4723696242747142,0.06679346743928605,1.9889790975837287,0.687969781039914,0.22933134173653613
RandomSearch,227,1,0.0,0.48160763234320353,0.8261579647567672,490.2527170831106,0.04180313443637268,327.5724044726161,-0.7501692911195526,0.4121550439663979,-0.12920474803471382,0.23433223542759496,0.6277552007315977,0.03333312626253626
RandomSearch,228,1,0.0,0.4389397530299641,0.1679458498151405,848.9541500372934,0.04872089205388312,344.6776964034184,-0.0735178191349739,0.35291199790104866,-0.12434726652077543,0.9109837074121736,0.5685121546662485,0.03819060777647465
RandomSearch,229,0,1.0,0.9839033170994037,2.2261499345321063,277.50078817760254,-0.03966197853821372,36.57077108445435,-1.1100336530935775,-0.13545118838222558,-0.2776416936948287,0.12553212654642998,0.08014896838297425,0.11510381939757863
RandomSearch,230,0,1.0,0.8903242480767932,-1.9483065888104178,713.4625880990693,-0.031093403969497658,-16.876952562138,-0.3923245576788523,-0.33964218633301657,-0.2519046704562946,0.5921769688682952,0.12404202956781674,0.08936679615904453
RandomSearch,231,1,0.0,0.0004516620219730697,-1.3433789904949671,733.2870985683699,-0.005473198542762861,-82.71463728300927,0.4346175392380527,-0.29870438836572766,-0.26435024454760647,1.4191190657852002,0.08310423160052782,0.10181237025035639
RandomSearch,232,1,0.0,0.8733620247242931,-1.740548230571335,475.5874637515144,-0.04700625837935657,-141.04375903537814,-0.39484602207222874,-0.1701360319987586,-0.29386359103367354,0.5896555044749188,0.04546412476644124,0.13132571673642346
RandomSearch,233,0,1.0,0.973269466535241,2.116143391759314,-89.90155266658667,-0.020746355871945732,247.79791896147265,-1.067658631408618,-0.11420837632130709,-0.03851803559692346,0.08315710486147054,0.10139178044389274,0.12401983870032662
RandomSearch,234,0,1.0,0.8994427596560198,-0.8694178895097382,1162.819537056464,-0.020960057061665118,-187.76015558634657,-0.38353359009799304,-0.12060432141666588,-0.10922893266103628,0.6009679364491545,0.09499583534853395,0.0533089416362138
RandomSearch,235,1,0.0,0.0005816179844377356,2.479417706116939,-1155.8409608983495,0.03803187262803853,41.190836612568944,-0.9796009290728454,0.5761095597446118,0.02470440041516042,0.00490059747430216,0.7917097165098116,0.1872422747124105
RandomSearch,236,0,1.0,0.9908076751815061,2.0236976097549118,-188.02843548286864,-0.024675240200852856,-39.67784010216411,-1.1027632672845873,-0.11344031624789075,-0.05501057720829916,0.11826174073743978,0.10215984051730909,0.10752729708895092
RandomSearch,237,1,0.0,0.8286457539471827,-1.0430152275176794,-1112.8039920699337,-0.015990905421343363,95.197820600792,-0.37630698492484616,-0.2190821416741371,0.002904795965309681,0.6081945416223014,0.0034819849089372523,0.16544267026255977
RandomSearch,238,1,0.0,9.275404029297723e-05,-0.8284243210670221,-942.5836234840517,0.023022293738954633,-339.5053736597892,0.5371045274541606,0.47744529483981646,0.0652733764607829,1.521606054001308,0.6930454516050163,0.227811250758033
RandomSearch,239,0,1.0,0.9916380368045666,2.3068951441247822,-1169.8605237384595,-0.026533582018336943,-40.355280526239426,-1.1027726408479568,-0.1134693952303798,-0.055775806982456544,0.11827111430080928,0.10213076153482004,0.10676206731479354
RandomSearch,240,1,0.0,0.19996533086374912,-0.7186605587056987,59.11331157986933,0.027142042920135126,-3.9748837959045886,0.289812295005774,0.38383879088074124,0.039780919942398185,1.2743138215529215,0.5994389476459411,0.20231879423964827
RandomSearch,241,1,0.0,0.9876614619741894,0.34305909160063575,272.7258101281859,-0.017252043770833718,-61.201348062746376,-0.851310936375131,-0.13993583435244217,-0.2741732513353812,0.1331905901720165,0.07566432241275767,0.11163537703813109
RandomSearch,242,1,0.0,0.5750274473037253,0.025241607384077547,-562.1977892824813,0.0034566426403454323,343.74003499216815,-0.02984295515829949,0.04141888912542102,0.027580147280519718,0.954658571388848,0.25701904589062086,0.1901180215777698
RandomSearch,243,1,0.0,0.988141757181561,1.1038023744700993,-970.5627923389195,-0.024631602766882633,-2.4174832961044785,-1.0884702167272926,-0.10883994107915473,-0.055029727347906565,0.1039686901801451,0.1067602156860451,0.10750814694934352
RandomSearch,244,1,0.0,0.0004525197653053765,-1.433009899744479,342.3082854347292,0.018972037132669956,84.54610486655389,0.600256510423967,-0.17260876155747384,-0.18753818842862913,1.5847580369711145,0.04299139520772599,0.025000314131379042
RandomSearch,245,1,0.0,0.214041861532018,0.7461105181940617,-569.8481456001577,-0.013082842008336218,-171.92886960933902,-1.0012596192193022,0.4784187109165412,0.023092340303866088,0.016758092672154667,0.694018867681741,0.18563021460111617
RandomSearch,246,1,0.0,0.997989929622423,0.4428930268566189,887.0075120699103,-0.01481997610021818,148.18649173324422,-0.8498011805167649,-0.11217499412548815,-0.15463445200157633,0.1347003460303826,0.10342516263971169,0.007903422295673757
RandomSearch,247,1,0.0,0.00038872101333282846,0.10946175832834149,-81.50524320223553,0.04302362597691897,-158.52418890628482,-0.012946587892945338,0.5723971739862765,0.05719560490489339,0.9715549386542022,0.7879973307514764,0.21973347920214348
RandomSearch,248,1,0.0,0.0005912292635373309,2.424053224944357,-964.4587817211059,0.024642018453368025,-96.29797868871051,-0.975069738911988,0.6081613458593593,0.013887428646412125,0.009431787635159505,0.8237615026245592,0.1764253029436622
RandomSearch,249,1,0.0,0.0005670451880273267,2.3447324211772793,-977.8105606578647,0.03111065264381406,230.98465416998988,-0.9719739134333767,0.6118835557916498,0.04022655260217167,0.012527613113770819,0.8274837125568496,0.20276442689942176
RandomSearch,250,0,1.0,1.0,2.8877984574576416,551.2545913733904,-0.03096047117348081,136.23643563930153,-1.0954072332950058,-0.13760635312774205,-0.1711452104514608,0.11090570674785827,0.07799380363745778,0.00860733615421072
RandomSearch,251,1,0.0,0.4891963664137354,-0.4434506571014134,1164.0351169306937,0.031774780809713424,45.31449213006027,0.003687100387965714,0.2655923284556443,-0.19231697408595583,0.9881886269351132,0.4811924852208441,0.029779099788705743
RandomSearch,252,1,0.0,0.0003237991019459519,-1.5449185732478288,-306.8705530150471,0.01016680799407186,310.5824900109295,0.5803977340045954,0.12115987022533536,0.0529709543477912,1.5648992605517429,0.3367600269905352,0.21550882864504128
RandomSearch,253,1,0.0,0.0001173449280137753,-1.2347405234016666,-481.6927121707438,0.02480619272343136,338.03755404815786,0.9625447196732342,0.4673206070584728,0.05924956319893582,1.9470462462203817,0.6829207638236726,0.2217874374961859
RandomSearch,254,0,1.0,0.0005528490760490173,2.9630205035715598,-524.7612756637176,0.02314884247712133,-236.45086804523464,-0.906894043351786,0.6389452983549395,0.05436586907714158,0.07760748319536148,0.8545454551201394,0.21690374337439167
RandomSearch,255,1,0.0,0.3035941697991291,-1.679302877587218,271.80432852032004,-0.009948897726285731,63.50085746122653,0.3503738410263173,-0.3284764437885628,-0.26515851030703086,1.3348753675734648,0.11287628702336294,0.10262063600978077
